Sector,Suprafata_mp,Numar_Camere,Etaj,An_Constructie,Distanta_Metrou_km,Bai,Balcon,Pret_Euro
4,61.2,3,8,2010,0.9,2,1,103000.0
5,30.0,3,10,1970,0.16,1,0,32500.0
3,84.3,4,2,2010,1.84,1,1,176800.0
5,79.4,3,4,1979,0.1,1,1,115400.0
5,55.9,1,7,2024,3.06,2,1,83800.0
2,68.0,3,5,1973,0.22,2,0,147400.0
3,37.2,3,3,2004,0.2,2,0,90800.0
3,100.0,4,7,1979,0.29,1,1,176200.0
3,57.8,4,10,2016,4.84,2,1,120800.0
5,147.4,3,2,1980,1.77,1,1,152300.0
4,65.6,2,2,1983,2.42,1,1,63800.0
3,51.0,4,3,2007,0.76,1,1,118500.0
6,59.7,5,8,1981,0.61,1,1,64800.0
5,34.7,5,4,2014,0.4,2,1,112200.0
2,82.1,1,7,1986,0.98,1,0,107200.0
4,59.5,3,5,1985,1.2,1,1,71300.0
6,98.3,2,2,2004,1.5,1,1,111400.0
6,63.1,1,7,1971,0.45,1,1,54400.0
2,104.6,3,8,1980,4.45,1,1,117200.0
4,88.9,4,7,2010,0.28,1,1,221700.0
5,70.7,5,3,1972,5.0,1,1,84200.0
1,109.5,2,10,1998,0.1,2,1,229000.0
4,93.8,5,5,1987,0.98,2,1,169800.0
2,143.7,4,0,1989,0.61,2,1,237600.0
6,59.8,3,3,2016,0.89,1,1,96500.0
5,71.9,4,7,1983,1.27,2,1,86900.0
4,109.2,4,0,2003,0.86,2,1,172800.0
1,31.4,5,2,2018,0.8,2,1,151100.0
1,102.9,2,0,2023,1.98,1,0,257300.0
3,81.0,4,8,2000,1.74,1,1,129700.0
3,47.8,5,1,2009,2.69,2,1,116300.0
2,35.9,2,8,2011,0.43,1,1,73000.0
4,53.2,3,3,1987,1.41,1,0,61500.0
4,30.0,3,1,1999,1.32,1,1,36600.0
6,57.8,1,3,1994,0.69,1,0,49900.0
6,85.6,5,10,1988,1.0,2,1,128200.0
6,58.1,2,10,1977,0.56,1,1,50800.0
3,104.7,4,9,1997,0.23,1,1,198400.0
4,111.5,3,5,1977,0.36,2,0,143700.0
4,101.9,2,10,2000,0.17,1,0,155500.0
1,75.8,5,6,1972,1.72,1,0,187200.0
3,30.0,1,2,1972,1.62,1,0,30600.0
5,52.4,3,2,2013,4.51,2,1,82900.0
3,66.4,2,9,1991,1.96,1,1,87400.0
5,47.7,2,7,1986,0.1,2,1,59400.0
1,66.5,2,4,2005,3.23,1,1,133200.0
2,110.3,5,3,1986,2.98,1,0,225300.0
4,30.0,5,6,1983,0.88,1,0,61300.0
1,115.3,5,6,2020,1.32,1,0,465900.0
4,92.1,4,8,1978,5.0,2,1,110100.0
6,76.7,2,8,1999,1.14,2,1,66800.0
2,52.2,3,4,1990,3.54,1,0,73600.0
2,48.2,5,7,1981,0.13,1,0,119300.0
1,30.0,5,9,2006,0.32,2,1,125300.0
2,112.9,2,0,2001,0.87,1,1,166800.0
5,108.4,5,8,1980,1.32,1,1,146000.0
2,34.8,4,7,1989,2.54,2,1,70900.0
4,56.2,4,5,2004,5.0,1,0,94500.0
4,80.8,5,2,2022,0.74,2,1,250000.0
4,62.5,2,2,2016,0.1,1,1,104600.0
4,30.0,2,7,2015,2.42,2,1,43600.0
5,53.6,2,4,1980,1.39,1,1,45500.0
3,118.8,1,9,2021,0.33,1,1,196300.0
6,55.3,5,10,1977,1.02,1,0,72100.0
1,65.9,2,6,1973,2.03,1,1,85100.0
4,41.4,4,4,1996,2.21,1,0,72500.0
2,84.7,3,7,2013,1.04,1,0,168500.0
4,72.9,3,9,2009,0.55,1,1,130000.0
2,51.4,2,9,2007,5.0,2,0,82200.0
6,37.4,3,3,2016,1.63,1,1,61100.0
6,105.1,3,1,1999,0.79,1,1,108700.0
6,30.0,1,2,2013,0.49,1,0,39000.0
2,82.6,4,7,2017,1.97,1,1,212700.0
4,30.0,4,10,2017,0.42,1,1,79600.0
6,87.7,1,6,1996,0.28,1,1,91300.0
5,94.3,1,1,1990,1.13,2,1,84700.0
2,97.4,3,5,2021,0.51,1,1,245700.0
2,66.0,5,8,1989,1.49,1,1,106000.0
4,109.6,3,3,1973,0.19,2,1,147300.0
2,127.7,1,8,1980,1.6,2,1,158200.0
2,62.0,4,1,1982,0.5,1,1,117600.0
6,58.7,3,1,1978,0.1,2,1,69300.0
4,73.7,5,8,1973,0.2,1,0,137500.0
6,58.1,3,6,1981,4.07,2,1,61100.0
6,54.4,2,6,1978,3.03,1,1,46400.0
4,56.6,3,0,1982,0.4,2,1,66100.0
1,112.9,1,10,2017,2.26,2,1,186100.0
6,89.3,4,5,1995,1.41,1,0,135100.0
5,58.0,4,6,2007,5.0,1,0,94800.0
5,30.0,1,10,2011,0.7,1,0,34700.0
2,31.4,2,5,1982,1.72,1,0,36800.0
5,82.6,1,5,2008,0.1,1,1,116800.0
2,30.0,3,1,1997,0.76,1,1,56700.0
1,77.3,1,5,1988,4.98,1,1,89600.0
4,43.4,1,3,1993,1.16,1,0,48900.0
4,72.3,2,8,1988,0.51,1,1,77500.0
4,71.6,3,0,2018,0.19,1,1,128400.0
5,73.0,5,7,1982,1.82,1,1,105500.0
1,60.1,5,4,1982,1.55,2,1,167800.0
5,59.3,4,0,1997,0.7,1,0,83200.0
5,52.0,1,3,2022,4.52,1,1,66200.0
1,82.1,4,0,1971,0.1,2,1,200300.0
1,90.1,2,5,1979,0.54,2,0,155800.0
1,39.5,5,1,1991,3.81,1,0,96000.0
1,68.7,1,4,1982,0.58,2,0,84600.0
4,74.9,2,6,1978,0.44,1,0,79300.0
3,74.6,2,1,2002,1.15,2,1,118800.0
3,74.2,1,5,1983,2.6,1,1,67600.0
1,59.9,2,5,2017,0.16,1,0,175200.0
3,77.0,1,4,1989,4.3,1,1,62900.0
3,85.5,1,4,1984,2.38,2,1,95200.0
1,73.5,3,2,2001,0.3,1,0,227300.0
3,82.6,4,9,2002,1.87,1,0,163100.0
5,94.8,2,9,1986,0.73,1,0,69000.0
2,30.0,2,10,1993,0.77,2,1,52000.0
2,93.6,3,1,1999,2.29,2,0,142900.0
1,78.6,3,6,1982,4.94,1,1,114000.0
4,42.2,3,0,2016,0.2,1,1,75000.0
1,90.1,5,5,2017,0.82,1,1,354300.0
4,60.0,5,5,1985,0.98,1,0,111700.0
2,63.5,5,2,1971,0.71,2,1,132200.0
1,57.3,1,1,1986,0.68,1,1,92400.0
6,77.6,2,1,2001,0.1,1,1,101900.0
5,50.4,4,8,2012,1.74,1,1,86500.0
3,92.5,1,10,1977,0.86,1,1,99300.0
4,66.5,2,4,2021,0.32,1,1,112500.0
6,60.9,2,6,1972,2.54,1,1,44100.0
3,88.8,3,4,1981,2.43,1,1,108700.0
3,62.0,3,6,1989,1.0,1,0,93900.0
1,93.7,1,3,1985,0.53,1,1,153200.0
3,94.5,3,7,1983,1.52,1,1,126000.0
5,36.6,2,10,1985,0.51,1,1,33800.0
6,97.7,3,9,2022,0.4,2,0,176800.0
3,33.4,5,10,2018,1.97,1,1,111100.0
1,99.3,3,9,2012,0.1,1,1,312100.0
5,120.7,2,6,2018,0.15,2,0,211800.0
2,91.9,1,9,2020,0.1,2,0,215500.0
6,30.0,4,4,2023,0.25,1,1,83100.0
3,96.6,3,10,2002,0.11,1,1,194600.0
1,126.2,2,5,1999,5.0,1,1,205900.0
2,62.4,4,4,1981,0.51,1,0,143400.0
2,69.1,4,6,1984,0.24,1,1,150200.0
4,40.3,5,1,1987,0.41,2,1,87000.0
5,77.8,4,4,1997,4.13,2,1,99400.0
3,101.7,2,9,1992,1.1,1,1,113800.0
1,87.4,2,2,1983,0.68,1,1,146300.0
4,148.5,3,8,1999,3.1,1,1,162600.0
5,70.8,3,5,2002,0.75,1,0,88400.0
4,30.0,3,9,2014,0.61,1,1,56900.0
6,74.3,4,2,1984,0.35,2,1,81500.0
5,30.0,4,6,1976,0.71,1,1,55700.0
5,56.7,5,3,1984,0.57,2,1,119000.0
3,110.6,3,2,2021,1.7,2,1,237800.0
5,78.1,1,7,2011,0.51,2,0,108400.0
4,74.5,5,3,2015,1.29,1,0,181100.0
5,115.5,1,10,2007,0.1,1,1,132300.0
3,63.2,4,0,2015,0.32,1,1,146700.0
3,101.5,5,5,2023,0.78,1,1,322900.0
6,73.2,5,9,2013,4.15,1,0,110900.0
4,79.5,2,10,1980,0.71,1,1,78900.0
2,39.6,4,10,1998,1.64,1,0,70800.0
2,57.9,4,0,2000,0.44,1,0,140400.0
5,35.1,5,4,1994,0.2,2,1,88700.0
6,67.6,4,6,2021,0.1,1,1,149400.0
1,79.8,5,5,2023,0.55,1,1,367300.0
5,42.2,2,1,1993,0.26,1,0,53300.0
6,121.2,5,10,1988,0.29,2,1,173700.0
4,77.0,4,3,1971,2.15,1,1,102700.0
4,71.4,4,10,1991,0.1,1,1,139500.0
4,89.2,5,1,1989,1.22,1,1,133500.0
4,49.3,5,10,2002,0.72,2,1,116300.0
4,74.1,5,0,1977,1.06,2,1,112400.0
6,52.1,3,2,1994,1.24,1,1,67700.0
6,109.0,4,2,2015,0.56,1,1,202400.0
3,43.5,4,6,1978,0.52,1,0,85900.0
2,71.6,3,0,2003,1.98,1,1,129200.0
4,78.2,5,8,1992,3.08,2,0,119000.0
1,79.9,2,10,1974,0.32,2,0,138900.0
6,55.5,5,5,2024,0.15,2,0,154900.0
1,47.6,5,3,1994,3.42,1,1,140700.0
1,55.8,3,2,1977,0.65,1,1,86500.0
1,83.2,4,2,1985,1.2,1,1,177700.0
3,66.4,5,1,2023,0.67,2,1,204800.0
6,89.9,4,1,2017,0.2,2,0,169000.0
1,81.9,1,9,2014,1.33,1,1,149200.0
4,30.0,4,4,2021,1.12,1,0,67800.0
5,76.2,2,8,1984,0.34,1,1,70900.0
1,126.3,2,1,1970,0.9,1,1,173100.0
3,103.1,5,1,1991,2.39,2,0,190700.0
6,80.6,4,5,1972,1.34,1,0,99100.0
3,43.5,5,9,2007,0.15,2,1,131300.0
1,81.9,3,1,2023,1.19,1,1,253400.0
6,88.5,2,3,1983,1.82,2,1,87100.0
5,63.7,5,5,2005,2.36,1,1,127600.0
1,77.9,3,4,1987,1.49,2,1,169500.0
3,107.7,5,0,2016,0.25,1,1,282900.0
2,48.6,4,5,2010,1.86,1,0,122100.0
4,43.5,4,0,1987,1.7,1,0,58600.0
3,87.3,4,2,1972,0.1,1,1,176200.0
6,81.4,4,9,1979,0.8,1,1,97200.0
1,95.7,1,4,2018,0.61,1,0,274000.0
4,84.2,3,9,2008,1.66,2,0,121300.0
1,55.8,3,4,2016,0.37,1,0,177000.0
6,80.8,4,9,1970,1.34,2,0,81200.0
1,41.4,1,5,1996,3.67,2,0,70500.0
2,63.7,4,9,1996,2.4,1,1,112600.0
4,82.6,1,7,1980,3.82,2,1,65600.0
4,61.0,4,4,2018,5.0,1,1,114400.0
6,131.7,2,10,1974,0.1,1,1,113400.0
2,30.0,2,0,1976,1.46,1,1,34800.0
3,56.3,5,4,1988,0.8,2,1,117200.0
1,46.6,4,2,1998,2.95,1,1,99000.0
5,52.5,3,3,1984,0.44,1,1,61300.0
1,53.9,5,7,2004,5.0,1,1,175100.0
1,36.8,2,6,2016,1.43,2,1,96200.0
3,88.8,4,10,2006,2.37,1,1,165000.0
1,56.3,5,4,2024,0.13,2,1,331300.0
2,74.1,4,1,1981,0.3,2,1,170000.0
2,59.1,2,5,1999,2.13,2,1,77600.0
4,52.7,5,10,1989,0.1,2,0,92600.0
6,111.8,2,5,2006,2.55,2,1,109900.0
5,93.1,1,9,1972,0.1,1,1,80300.0
1,30.0,2,9,1978,1.61,1,0,40700.0
1,30.0,4,10,2010,0.68,1,1,92700.0
3,96.1,3,5,2008,1.42,1,1,168700.0
6,57.0,2,8,1995,1.79,1,0,48600.0
2,30.0,3,10,1971,0.63,1,1,45900.0
5,96.1,1,7,1992,0.17,1,0,87900.0
4,74.2,5,7,1992,0.11,2,1,157200.0
2,76.3,5,0,1990,1.33,1,1,158800.0
6,90.2,3,4,1985,1.1,2,1,91600.0
4,37.3,5,6,1978,2.03,1,1,59300.0
3,30.0,2,5,1982,1.07,1,1,34000.0
3,109.5,3,4,1997,0.82,2,1,169400.0
1,34.1,4,7,1996,0.76,1,1,92200.0
6,39.4,2,2,2020,0.1,1,1,61800.0
5,44.4,2,5,2021,0.61,1,1,64900.0
4,122.0,2,4,1986,5.0,1,1,93500.0
2,82.3,4,7,2007,3.1,2,0,181900.0
6,94.1,1,3,2005,0.6,2,1,107300.0
6,74.9,5,7,1970,1.33,1,0,108000.0
3,55.0,3,9,1987,2.82,1,1,64600.0
1,85.8,1,1,2020,0.87,1,1,194200.0
1,31.1,3,8,1978,0.1,1,0,58200.0
4,42.6,5,8,1982,0.12,1,0,84400.0
3,88.3,4,9,2009,1.07,1,0,171900.0
6,36.1,2,9,2024,5.0,1,1,42100.0
5,65.3,2,5,2014,1.77,1,1,97500.0
3,66.4,4,3,1984,0.11,1,1,134100.0
4,56.8,1,3,2012,0.31,2,1,101900.0
4,30.0,1,5,2013,2.21,1,0,36100.0
3,54.3,3,4,2015,2.76,2,1,111800.0
4,49.4,4,5,1973,1.44,2,1,71300.0
3,74.0,1,6,2002,1.55,1,1,98000.0
2,72.8,4,6,1993,0.1,1,0,187200.0
3,79.4,5,8,2005,2.65,2,1,172100.0
3,53.1,2,7,2020,2.33,2,1,99300.0
4,83.1,2,5,2010,0.45,2,1,157000.0
4,31.1,2,5,1979,1.85,1,1,28700.0
1,30.0,4,4,2005,0.36,2,1,100500.0
1,30.0,4,0,1989,0.1,1,1,74300.0
2,57.5,3,8,2010,0.34,2,0,132300.0
1,51.2,2,8,2014,0.3,2,1,175300.0
3,89.7,3,8,2013,0.62,1,1,175600.0
4,53.8,2,10,1980,0.81,2,0,55600.0
1,76.8,3,7,1981,1.07,1,1,129800.0
1,90.3,3,9,1987,0.97,2,1,154800.0
2,52.8,5,2,1999,0.47,1,1,156900.0
6,77.5,3,0,2013,0.1,2,1,122200.0
2,95.0,4,10,2017,1.39,1,1,241000.0
3,39.0,3,7,2006,0.76,2,1,78500.0
4,70.6,2,6,1989,0.53,1,0,85900.0
2,52.9,3,4,1994,3.03,1,1,102200.0
1,40.6,1,9,1981,2.06,1,0,47600.0
4,31.6,2,6,1990,2.93,2,0,33600.0
4,40.2,1,9,1994,1.02,1,1,41700.0
1,71.5,2,3,1980,0.21,1,1,157300.0
2,30.0,4,8,1978,1.79,1,1,62700.0
1,56.2,4,10,2019,0.35,2,0,212400.0
6,90.3,4,9,1994,0.87,1,1,129000.0
4,81.2,1,1,2004,0.1,1,0,110100.0
5,56.7,5,8,2021,2.62,1,1,121200.0
5,112.2,2,8,2001,0.2,1,1,141500.0
3,117.3,4,4,2018,3.5,1,0,249300.0
1,70.7,2,10,1983,3.0,1,1,102400.0
1,30.0,1,0,1970,0.94,2,0,41400.0
3,92.2,5,6,1986,2.05,2,1,146400.0
3,30.0,1,9,1994,1.45,1,1,34700.0
3,106.9,2,9,1977,2.44,1,1,99800.0
4,97.1,5,3,1974,0.85,2,1,182100.0
6,114.4,5,8,1974,2.31,1,1,123400.0
1,76.5,1,5,2010,0.93,2,0,195700.0
4,61.0,4,2,2004,4.24,1,0,86600.0
3,58.7,2,5,1988,1.0,1,1,78800.0
1,56.3,3,9,1992,0.93,1,1,108400.0
4,94.5,3,5,1978,2.31,2,0,86800.0
6,87.8,1,4,2023,2.59,1,1,110900.0
4,73.0,2,1,1999,1.21,1,1,78100.0
6,51.9,2,9,2019,0.3,1,1,71400.0
3,135.7,1,9,1985,0.95,2,1,120900.0
6,92.8,2,1,2002,5.0,2,1,85600.0
1,30.1,4,6,1971,2.1,1,1,68800.0
3,57.1,1,1,1983,2.5,1,0,51000.0
1,93.3,4,5,2015,0.1,2,1,348100.0
5,50.0,2,4,1970,0.95,1,0,49600.0
2,78.8,1,3,1995,1.56,1,0,112400.0
6,93.8,2,6,1994,2.66,1,1,72700.0
2,30.0,1,7,1985,0.1,2,1,44800.0
2,67.3,2,3,1984,2.87,1,0,82400.0
6,68.3,4,0,1995,1.19,2,1,85500.0
3,59.7,4,0,2016,0.33,1,1,146400.0
5,77.5,2,0,2013,0.57,1,0,106400.0
1,86.4,1,10,1985,0.5,2,1,137300.0
4,73.6,3,0,1983,1.14,1,1,73400.0
1,60.7,4,4,1998,0.1,1,0,162600.0
4,85.8,4,3,1993,0.26,1,1,173400.0
1,71.2,3,8,2016,2.51,2,1,169900.0
6,64.2,2,2,2024,0.21,2,1,99300.0
5,37.2,1,6,1984,0.4,2,1,37600.0
4,30.9,2,10,1988,0.91,2,0,32400.0
3,36.7,5,7,1977,1.09,1,1,76700.0
1,77.0,4,5,2003,2.16,1,0,180900.0
1,68.0,5,9,1971,0.89,2,1,168700.0
4,33.0,4,0,1996,2.34,1,1,48100.0
3,86.1,4,7,1979,1.44,1,0,127400.0
3,104.4,5,9,2004,0.18,1,1,255900.0
6,55.0,5,2,1992,0.25,1,0,103400.0
6,30.0,2,7,2018,0.86,2,1,44900.0
6,52.3,5,3,1977,0.76,1,1,86700.0
6,91.4,2,7,1997,2.04,1,0,81100.0
6,83.7,2,10,1992,1.3,2,1,73800.0
6,46.9,2,0,1973,0.74,1,1,42000.0
5,108.0,4,2,1983,0.28,1,0,155000.0
3,103.7,4,5,2022,0.39,1,1,345500.0
6,51.7,5,8,2011,1.29,2,1,98700.0
3,51.4,4,1,1998,0.83,2,1,84400.0
3,55.2,5,10,1970,1.09,2,1,106600.0
2,57.3,4,0,1973,0.28,2,1,120900.0
5,93.8,1,9,2001,1.63,1,1,93100.0
6,80.6,1,2,2002,2.87,2,1,77500.0
1,91.9,5,3,2018,0.45,2,1,414200.0
4,86.8,4,10,1995,1.01,1,0,118000.0
1,112.9,4,4,1986,5.0,1,1,195400.0
5,43.5,2,2,2008,0.61,2,1,68200.0
4,79.5,3,9,1992,1.36,2,1,104200.0
5,30.0,5,10,2001,0.14,2,0,80800.0
3,37.1,3,1,2021,1.4,2,1,79400.0
4,68.1,3,1,1984,0.14,1,1,87400.0
3,80.5,5,6,1982,4.8,1,1,113100.0
1,67.5,4,8,1971,1.89,1,1,126500.0
1,55.8,5,9,1988,2.33,1,1,88600.0
4,60.3,3,1,1993,1.83,2,1,78000.0
4,104.2,4,6,2014,1.34,1,1,201400.0
6,60.4,1,6,1993,0.9,1,0,56300.0
5,113.7,5,10,1980,2.93,1,1,134000.0
6,89.9,5,6,1991,4.71,1,0,119000.0
5,81.4,4,2,1984,1.04,1,1,85400.0
6,40.2,1,6,1979,4.02,1,1,26200.0
3,93.4,1,0,2010,1.31,1,1,107600.0
4,57.7,4,9,1996,1.16,1,0,76200.0
1,40.1,2,0,1978,0.91,2,1,63600.0
5,82.8,5,4,2021,0.35,1,0,238100.0
5,35.3,5,1,1997,0.1,1,0,76400.0
1,50.9,3,8,1970,0.41,1,0,93700.0
6,69.7,4,6,1986,1.07,1,1,80800.0
5,125.5,3,3,2000,0.72,1,1,177000.0
3,52.8,3,3,2013,0.89,2,1,113900.0
4,58.5,1,1,1979,5.0,2,1,48900.0
1,88.3,5,4,2006,0.65,1,0,273200.0
4,39.0,3,3,1998,0.9,1,1,63200.0
5,81.1,1,0,1987,0.21,2,0,70200.0
5,100.1,4,7,2016,0.1,2,0,229100.0
1,62.3,3,2,2007,2.24,2,0,155700.0
3,95.7,5,5,2008,1.27,1,1,194100.0
2,77.3,3,3,2018,2.15,1,1,174000.0
1,51.7,4,8,1975,0.24,1,1,114700.0
2,65.1,3,6,2009,1.27,1,1,114900.0
6,60.5,5,8,1981,0.44,1,1,82800.0
2,67.8,1,9,2022,0.39,1,0,178500.0
3,73.8,5,2,1983,0.1,1,1,175300.0
6,84.7,1,0,2013,0.21,2,1,120800.0
2,82.7,2,4,2024,0.56,2,1,252000.0
6,30.0,5,2,1979,0.19,1,1,57600.0
2,67.6,5,5,2023,5.0,2,1,206800.0
3,32.3,4,7,1989,0.55,1,0,62600.0
2,63.1,3,10,1984,0.21,2,1,118300.0
2,66.9,1,3,2000,0.33,1,1,123100.0
2,94.4,1,4,1976,1.33,1,0,101300.0
1,69.2,4,4,2010,0.1,1,1,336000.0
1,76.5,4,3,1979,2.98,1,1,149900.0
1,89.8,3,3,1979,4.89,2,0,136500.0
3,100.7,3,3,2017,0.43,1,1,249400.0
6,66.9,5,3,2008,0.9,1,1,130700.0
5,72.4,2,3,1997,0.1,1,1,96000.0
2,70.3,3,4,1999,1.54,1,0,141100.0
2,56.4,4,1,2006,0.8,1,0,135300.0
3,50.8,3,1,2024,0.47,2,1,118100.0
2,30.0,1,8,1972,0.35,2,1,43900.0
1,43.1,2,1,2019,1.59,2,1,103900.0
5,30.0,5,5,2012,0.81,2,0,89100.0
4,101.4,1,1,1984,0.3,1,0,110300.0
2,74.7,1,4,1990,1.75,2,0,112700.0
1,66.9,2,3,2021,1.25,1,1,157000.0
4,52.1,5,6,2006,2.94,2,1,101800.0
5,70.7,4,6,1981,0.19,1,1,105700.0
4,48.8,5,5,1973,2.31,2,1,87200.0
1,74.4,3,9,2016,1.68,2,1,178400.0
6,76.1,1,4,1978,0.18,2,1,73400.0
6,48.5,3,0,2008,1.78,2,0,56300.0
4,48.0,4,2,2011,0.87,2,1,113900.0
3,94.1,3,8,1997,4.35,2,1,92900.0
4,68.7,5,0,1992,0.23,1,0,123800.0
2,50.5,3,4,2014,1.54,1,0,112000.0
2,60.7,4,1,2009,0.72,1,1,163400.0
6,44.7,4,3,2013,4.71,1,1,64900.0
3,68.3,4,10,1991,0.6,1,0,120500.0
1,90.8,5,0,1993,4.91,1,0,189800.0
2,69.3,4,2,2020,3.48,1,1,211900.0
6,129.1,1,9,1995,0.47,2,1,132600.0
5,80.5,4,6,1999,2.44,2,1,110100.0
6,75.7,3,9,2002,5.0,1,0,70100.0
2,47.3,3,2,1985,0.44,1,0,80500.0
2,64.0,3,3,1991,0.86,1,0,122600.0
6,50.5,5,1,2018,1.1,1,0,100600.0
1,30.0,3,2,2019,0.52,2,1,114400.0
4,94.4,5,8,2012,0.1,1,1,247600.0
2,57.2,5,2,1987,0.37,1,1,152900.0
6,51.0,4,10,1976,0.5,2,1,76700.0
6,75.3,1,4,2019,0.88,2,0,118100.0
3,82.8,4,1,1995,0.28,1,1,169000.0
4,62.0,4,3,1977,3.1,2,1,96000.0
5,69.9,5,6,1975,1.83,1,1,101500.0
1,88.7,5,6,1999,0.13,1,0,321100.0
5,61.0,3,2,2008,1.58,1,1,95700.0
4,77.6,3,4,1992,1.59,1,0,113100.0
4,30.0,4,0,2001,4.69,1,0,45200.0
4,39.0,2,9,1991,0.1,1,1,49100.0
5,85.1,2,9,2011,0.43,2,1,109000.0
4,37.7,3,9,2012,3.94,2,0,54600.0
6,75.9,2,10,2014,4.04,1,0,77600.0
5,66.3,3,0,1978,1.91,1,1,60000.0
4,60.9,5,4,2000,2.18,2,0,138100.0
6,49.3,4,9,1976,0.14,1,1,71100.0
3,92.7,1,8,1978,1.08,2,0,87300.0
4,113.2,4,0,1982,0.4,1,0,163600.0
5,77.5,3,0,1972,0.3,1,1,65800.0
2,78.1,3,3,2004,2.49,1,1,138200.0
4,52.9,4,3,2002,0.22,1,0,111700.0
2,40.1,3,1,1990,0.95,1,1,69700.0
6,69.0,2,8,2000,4.18,1,0,58400.0
3,45.7,2,8,2021,0.31,1,0,88600.0
1,30.0,3,1,2003,5.0,1,1,61500.0
3,90.1,3,8,2001,5.0,1,1,127000.0
4,91.3,2,5,2004,1.22,1,1,112300.0
2,48.5,3,7,1984,0.28,1,1,83300.0
2,76.1,3,9,2001,0.57,1,1,169200.0
5,95.0,4,3,1975,0.83,1,1,120400.0
2,75.1,1,1,2014,0.56,1,0,124200.0
5,40.2,2,1,1990,0.49,2,0,52100.0
6,64.2,4,8,2002,5.0,1,1,86900.0
1,103.2,1,0,2001,0.25,2,1,238900.0
4,76.2,3,6,2021,1.98,1,1,142200.0
5,83.5,3,10,1988,0.1,1,1,100600.0
1,78.5,4,2,2002,1.36,1,1,249300.0
2,48.6,3,2,1997,3.71,2,0,76200.0
2,54.5,5,1,2000,0.51,1,1,182500.0
1,78.5,4,9,1990,0.31,1,1,201600.0
2,90.4,1,5,2023,1.58,1,1,205900.0
6,97.5,4,9,2003,1.87,1,0,132900.0
6,48.5,2,1,1984,1.75,1,1,42500.0
1,80.8,4,9,1983,0.58,1,1,177800.0
5,99.7,3,3,1988,0.44,1,1,105100.0
5,45.3,3,9,2012,4.68,1,1,62200.0
1,107.2,5,8,1984,3.85,1,1,183000.0
5,111.0,5,8,1975,0.92,2,1,174400.0
5,135.6,5,5,2021,2.81,2,1,274900.0
6,75.8,1,3,1978,0.9,1,0,65600.0
5,75.9,5,6,2006,0.83,2,1,174200.0
3,90.7,1,0,1989,0.26,2,1,107600.0
4,89.9,5,3,2003,0.83,1,1,215300.0
2,98.2,1,4,2007,1.16,1,0,168000.0
3,89.6,4,7,1995,0.1,2,1,164500.0
5,67.3,4,1,1987,0.88,1,0,83200.0
6,100.5,3,4,1997,2.28,1,0,93300.0
1,43.2,1,5,2024,1.71,2,1,113900.0
5,70.1,2,4,2020,1.51,1,0,93400.0
6,109.1,3,8,1978,3.6,2,0,74400.0
4,38.7,4,9,2001,0.1,2,1,99700.0
5,53.1,1,0,2022,1.22,2,0,75300.0
1,86.8,5,2,1975,2.32,1,1,198800.0
6,79.8,2,1,1983,1.17,1,0,60100.0
6,48.1,4,2,1997,0.59,1,1,76600.0
6,59.6,3,9,1993,0.22,1,1,78400.0
4,40.5,1,8,1982,3.28,1,1,30300.0
5,94.5,2,8,2012,0.95,1,0,129400.0
4,63.6,1,9,1981,3.16,1,0,45500.0
2,114.8,5,1,2020,1.32,1,0,338300.0
2,72.0,3,2,1988,1.68,1,1,115100.0
5,64.5,1,3,1990,2.45,2,1,60200.0
4,62.1,4,8,1996,1.61,2,0,97800.0
1,63.9,3,2,1988,0.76,2,0,122800.0
6,72.8,4,6,1993,1.08,1,0,97600.0
6,132.8,1,2,1995,2.44,2,1,124000.0
5,61.5,3,6,2014,0.7,2,1,99400.0
2,62.3,4,6,1997,0.74,1,1,139600.0
2,71.6,5,8,2015,0.15,1,1,255400.0
6,97.3,5,1,1987,3.69,1,1,101300.0
5,34.5,1,5,2013,0.14,1,0,50700.0
4,81.4,3,8,2005,1.57,1,0,117300.0
2,49.6,2,1,2011,0.8,1,1,108800.0
4,83.8,3,1,1998,0.78,2,1,111200.0
2,57.7,5,4,1986,1.71,1,1,121000.0
2,30.0,4,9,1973,0.1,1,1,65200.0
3,79.2,2,9,2013,1.35,2,1,117700.0
2,79.0,1,9,2014,2.22,1,1,125400.0
1,55.5,2,7,1998,2.64,2,1,88600.0
5,54.0,1,10,1973,0.28,1,1,58700.0
5,37.2,2,8,1979,3.42,2,0,35300.0
4,89.3,1,1,1994,1.6,1,1,87600.0
2,92.1,1,4,2000,3.2,1,1,152400.0
1,48.0,2,6,1972,1.0,1,1,69700.0
4,56.5,2,5,2016,1.17,2,1,106800.0
3,68.4,1,5,1971,3.77,2,1,61000.0
4,126.8,5,6,1994,3.45,1,0,202900.0
4,83.6,2,2,2018,0.89,2,1,131600.0
2,46.4,3,2,1975,0.48,1,0,86800.0
3,77.6,4,9,1995,0.75,1,1,124300.0
4,35.6,1,8,1977,0.74,2,1,38100.0
1,87.9,1,7,2004,0.51,1,0,177200.0
1,111.9,4,4,1996,0.47,1,0,282300.0
5,112.0,5,5,1994,2.96,2,1,161200.0
3,88.4,4,10,1987,0.11,2,1,158200.0
3,55.4,2,9,2023,1.7,2,0,94200.0
5,37.5,4,0,1970,0.28,2,1,56200.0
4,35.0,1,9,2017,0.63,1,1,54200.0
3,30.0,4,0,2008,0.1,2,0,90200.0
1,87.3,3,3,1972,0.47,1,1,187900.0
1,67.4,2,1,2024,2.19,2,1,152300.0
2,92.7,4,10,1973,3.24,1,1,137100.0
3,105.7,1,6,2010,0.38,1,1,182000.0
4,72.5,2,1,2006,0.93,1,0,92500.0
5,73.6,1,9,2020,0.95,1,0,98700.0
5,58.4,5,1,1984,3.1,1,0,79000.0
4,61.3,3,4,1977,2.16,2,1,78900.0
6,88.2,5,3,2007,1.08,2,1,160800.0
2,65.6,3,7,2019,1.67,1,1,180200.0
5,62.0,4,3,1988,2.82,2,1,79400.0
3,69.5,2,5,2016,0.1,1,1,131600.0
2,92.2,4,4,1995,0.77,1,1,248000.0
3,52.7,3,10,2008,3.57,1,1,62500.0
1,68.3,3,1,1979,2.02,2,0,101300.0
2,76.1,3,10,2007,1.17,2,0,139400.0
5,99.0,1,7,1983,1.13,1,1,94700.0
2,64.0,2,1,2018,0.64,1,1,160900.0
2,52.1,4,8,2010,1.1,1,1,145900.0
2,57.9,4,8,1988,1.6,1,1,96700.0
6,96.3,5,2,1999,0.81,1,0,189700.0
2,120.8,3,3,1974,1.88,1,1,194500.0
3,37.2,3,7,2024,2.96,2,1,92100.0
1,42.6,3,8,2000,0.25,2,1,122400.0
4,65.8,4,2,1976,0.9,1,1,100200.0
2,72.8,5,4,1988,0.79,1,1,167300.0
5,89.7,1,10,2000,1.74,1,1,87400.0
2,47.7,2,7,2021,0.43,2,1,130300.0
5,43.4,1,2,2008,1.53,2,1,56400.0
3,73.5,4,6,1993,3.15,2,1,126200.0
5,63.5,3,10,2003,0.81,1,0,94900.0
4,93.2,2,7,1992,3.63,2,0,70700.0
1,82.2,4,9,2017,5.0,1,0,217300.0
5,83.9,4,10,2014,0.17,1,0,173000.0
5,67.4,4,2,2009,0.4,1,1,141700.0
1,128.9,2,1,1975,4.51,1,1,154700.0
4,49.1,2,9,2007,4.77,2,0,55100.0
2,85.3,5,6,2010,0.15,2,0,340900.0
5,38.3,5,8,2005,0.1,1,0,98200.0
1,43.2,1,0,1996,0.26,1,1,74700.0
3,54.8,2,2,1980,5.0,1,1,56000.0
1,110.7,2,4,1974,0.3,1,1,244200.0
3,76.6,2,2,1986,1.05,1,1,74700.0
4,55.2,5,0,2021,2.83,2,0,115400.0
2,79.4,4,6,1976,0.1,2,1,198500.0
1,70.9,3,6,1996,1.39,2,0,161300.0
6,57.7,5,9,2016,0.49,2,1,131900.0
5,35.1,2,7,1984,2.97,1,1,29000.0
4,106.0,5,4,2015,0.5,1,1,260800.0
1,75.2,1,9,1982,1.74,1,1,92000.0
5,124.3,2,4,1980,1.68,1,1,127400.0
1,93.5,1,4,2014,0.38,2,0,219800.0
3,83.8,2,0,1995,0.1,1,0,117000.0
1,59.1,5,9,1991,0.79,1,1,156800.0
6,42.6,4,4,1997,0.51,1,1,75200.0
1,64.6,3,5,1993,2.48,2,0,120000.0
1,41.9,1,0,1998,2.42,1,1,55900.0
6,86.3,5,10,1978,0.92,2,1,103600.0
4,110.8,4,6,2011,1.4,2,1,191500.0
1,63.5,5,0,1973,1.39,1,1,139800.0
6,93.6,1,10,2018,2.63,1,1,84700.0
5,52.8,3,1,2015,0.83,2,1,101700.0
3,62.4,5,1,1987,0.48,1,1,103800.0
3,49.6,2,4,2012,0.46,2,1,97900.0
1,30.0,4,9,1985,1.15,1,1,63900.0
4,69.1,5,6,2002,0.89,1,1,152800.0
4,73.2,4,0,1998,0.87,2,0,102500.0
5,96.6,2,9,2008,0.14,2,0,121600.0
1,89.9,3,0,1979,1.9,2,1,132800.0
3,90.2,3,0,1978,0.36,2,1,119200.0
4,45.6,2,5,2000,0.33,2,1,87300.0
1,81.5,4,1,1997,0.8,2,0,200000.0
4,109.6,5,0,1972,0.39,2,0,189900.0
6,79.5,2,5,2023,1.32,1,1,119100.0
4,115.7,1,1,2024,0.7,1,0,195900.0
3,120.5,4,5,1983,0.89,2,0,150800.0
2,63.3,3,9,1994,1.16,1,1,102500.0
5,52.6,2,7,1984,0.34,1,0,56900.0
5,51.0,3,1,1971,0.25,1,1,59000.0
3,32.1,4,10,1993,3.19,1,1,62900.0
4,57.0,3,8,1983,0.85,1,0,71000.0
1,100.2,2,7,2017,0.8,1,1,258600.0
4,30.0,4,9,1976,0.1,2,1,54700.0
3,44.1,1,0,2005,1.03,1,1,50100.0
5,66.8,2,6,2019,1.21,1,1,91800.0
4,48.1,5,9,1993,1.23,1,1,80800.0
5,56.8,2,5,1996,1.84,1,1,61600.0
1,57.2,4,5,2006,0.29,1,1,171500.0
5,63.6,2,5,2007,0.44,2,1,96500.0
5,51.8,1,5,1999,2.5,1,0,45100.0
2,49.7,1,9,1996,4.41,2,0,49900.0
2,93.4,5,6,2008,0.22,1,0,346400.0
6,96.2,3,2,1984,1.03,1,1,97800.0
2,35.5,4,5,1995,0.36,1,0,92500.0
5,30.0,4,2,1970,0.1,1,1,49300.0
3,96.6,3,6,1973,0.59,2,1,153500.0
5,39.3,1,6,1998,0.23,2,0,52900.0
3,75.3,1,7,1970,1.86,1,1,76300.0
3,30.9,2,1,2012,1.14,1,1,58300.0
2,102.4,5,8,2019,0.23,1,0,374600.0
4,133.6,5,4,2015,0.1,1,1,406900.0
1,74.6,5,8,1991,2.48,2,1,188300.0
2,67.6,2,9,1980,0.29,1,1,106600.0
2,61.9,5,4,1979,1.4,2,0,122800.0
4,89.5,3,6,1986,0.62,1,1,111900.0
1,84.2,2,10,2005,1.32,1,1,151700.0
5,95.1,3,8,2016,0.57,1,1,139400.0
6,54.3,2,3,1995,0.14,1,0,72800.0
6,78.5,5,1,2017,0.38,2,1,177900.0
5,56.4,3,8,1990,0.31,1,1,66500.0
2,43.6,3,1,1982,0.84,2,1,72400.0
1,69.0,3,2,1978,1.61,1,1,113600.0
2,46.9,2,9,1980,0.46,2,1,80100.0
3,99.3,4,1,1980,0.1,1,1,161600.0
2,48.5,5,2,1975,1.1,2,1,122700.0
2,79.1,3,5,1970,1.4,2,1,139600.0
5,54.9,4,2,2023,4.94,2,0,102400.0
5,76.9,5,9,1975,1.34,1,1,110000.0
5,56.9,5,7,1982,0.96,2,1,90200.0
6,38.6,3,10,1991,1.28,1,0,47500.0
3,82.1,3,5,2000,3.94,1,1,129100.0
5,64.1,2,6,1991,2.64,1,0,58200.0
1,77.1,4,0,2006,0.59,1,1,200700.0
6,59.3,4,2,2016,0.41,2,1,121100.0
4,36.8,3,2,1996,0.46,1,0,56500.0
1,97.1,5,1,2019,1.05,1,1,399600.0
1,88.4,3,6,2021,2.04,1,0,206100.0
5,55.8,5,8,1983,1.05,1,1,82200.0
4,71.7,5,3,2016,0.11,2,1,213000.0
4,96.1,3,4,1974,1.93,1,1,111900.0
6,58.6,1,2,2005,2.46,1,0,53400.0
4,62.5,4,10,2001,0.51,1,0,116500.0
3,76.1,5,8,2003,1.64,2,1,185800.0
5,58.5,5,3,1976,0.83,2,1,108600.0
4,91.4,1,4,2011,3.3,2,0,122200.0
6,65.8,2,0,2017,2.8,1,0,52200.0
3,50.4,1,10,1979,1.12,1,0,46900.0
2,85.2,1,1,2019,1.76,1,1,136100.0
2,41.4,5,8,1986,3.22,1,1,88000.0
3,120.4,4,1,1999,1.03,1,0,217100.0
6,109.6,1,4,1990,0.56,2,1,107200.0
3,82.8,2,7,1982,2.1,1,0,81800.0
5,80.7,3,2,1970,0.37,1,1,93000.0
5,79.6,1,5,1970,0.74,2,1,80500.0
2,57.8,1,3,2016,3.01,2,1,105400.0
4,77.4,2,10,2002,1.93,1,1,108500.0
6,46.9,4,6,2007,0.78,1,1,82000.0
2,82.6,1,9,1994,0.36,1,1,124200.0
4,91.7,1,2,1995,0.66,1,1,106500.0
4,60.5,4,5,1982,0.5,1,1,101800.0
5,55.1,2,9,1997,0.29,1,0,53700.0
1,39.7,1,8,2002,2.04,2,1,69800.0
1,106.4,4,10,2006,0.44,2,1,307200.0
3,57.1,1,9,2010,0.91,1,0,88300.0
5,65.0,3,0,1999,0.73,1,0,70900.0
4,77.5,5,2,2018,5.0,1,1,157500.0
6,77.1,3,1,2017,0.74,2,0,120700.0
1,88.7,1,7,1977,0.13,1,1,137000.0
4,60.5,2,6,2018,0.14,1,1,101000.0
1,41.5,5,1,2016,1.34,1,1,154100.0
1,37.2,3,5,1970,1.37,1,1,71500.0
1,55.5,4,2,1981,0.81,2,1,140100.0
6,46.2,2,7,1974,0.85,1,1,45900.0
5,62.4,3,9,1993,0.1,1,0,77700.0
6,102.7,4,2,1975,1.09,1,1,104800.0
2,60.6,1,9,1994,1.05,1,0,76100.0
4,60.6,4,8,1970,0.24,2,0,94200.0
5,69.6,3,0,1994,0.16,2,1,88500.0
5,59.9,3,4,1970,0.2,1,0,75700.0
5,68.3,1,2,2001,0.16,1,1,89000.0
5,83.5,4,5,2011,1.41,1,0,124100.0
6,92.1,4,9,2011,0.33,1,0,149200.0
5,95.1,1,1,1972,0.43,1,0,71700.0
3,121.4,4,8,2018,0.29,2,0,334800.0
4,84.2,1,5,1988,4.75,1,1,60100.0
5,125.9,2,6,2012,2.89,1,1,164600.0
4,50.6,3,4,1998,0.39,1,1,91700.0
3,122.3,2,8,2019,0.6,2,1,252300.0
3,60.5,5,0,1971,0.35,1,0,97900.0
4,62.9,5,4,1978,1.02,2,1,127400.0
1,67.0,5,10,1986,0.1,1,0,202900.0
2,64.5,1,9,2015,1.67,1,1,107100.0
1,72.1,4,10,2005,1.11,2,1,209600.0
1,55.5,2,5,1986,3.43,1,1,75900.0
6,90.7,2,6,2018,0.27,2,1,128900.0
1,56.2,2,3,1981,2.45,1,1,78400.0
5,86.4,2,0,1989,2.36,1,1,71000.0
6,108.2,5,10,2019,0.2,1,1,217100.0
6,61.1,2,7,1972,0.76,1,0,51600.0
3,89.9,4,9,2012,0.28,1,1,224400.0
1,84.0,5,3,2019,0.44,1,1,360900.0
3,126.3,2,2,1973,0.46,2,1,166200.0
4,57.4,1,6,1986,1.22,1,0,49900.0
2,89.9,3,1,2019,0.8,1,1,212600.0
6,30.0,3,7,2006,4.43,1,1,31600.0
4,57.6,3,5,2015,0.2,1,1,121400.0
4,78.8,5,6,2011,5.0,1,0,165900.0
5,104.8,2,4,1984,0.39,2,1,122300.0
2,39.4,5,8,2002,2.22,2,1,100800.0
4,89.7,4,4,1985,0.62,1,1,120000.0
4,68.4,1,10,1980,0.23,2,1,72400.0
2,32.0,1,4,2024,2.93,1,1,74800.0
2,74.5,3,2,1989,0.55,2,0,144400.0
4,112.7,3,10,2007,1.61,2,0,168400.0
2,42.0,3,0,1993,1.25,2,1,78900.0
4,67.3,2,1,2023,0.96,1,1,122700.0
4,45.3,4,7,1985,1.03,1,0,64300.0
5,58.3,4,0,1999,1.98,1,1,80500.0
1,105.8,4,6,2003,0.14,2,1,339600.0
4,63.2,4,4,1970,1.65,1,1,81000.0
3,105.0,3,2,1993,3.39,2,0,161300.0
6,97.7,1,10,1993,0.1,1,0,100600.0
1,60.9,3,6,1978,0.23,2,1,124400.0
1,57.4,4,8,1991,1.89,1,1,138600.0
1,47.6,3,1,1981,0.86,1,1,98200.0
5,46.7,4,7,1986,0.78,1,1,65400.0
4,78.8,5,8,1994,0.22,1,1,151700.0
5,69.5,1,10,1997,1.06,1,1,60900.0
4,54.4,5,2,1984,0.2,2,1,113800.0
5,31.3,2,1,1999,0.97,1,1,32500.0
5,72.7,3,6,2020,2.16,1,1,114600.0
6,58.3,2,4,1996,0.45,2,0,60100.0
3,65.1,3,4,1991,0.98,1,1,97300.0
5,77.6,5,9,1979,5.0,2,0,94400.0
6,30.0,4,4,2000,1.74,2,1,58200.0
2,31.7,4,3,1996,2.76,1,1,71500.0
3,127.4,3,4,1981,0.8,1,0,204200.0
5,57.3,4,3,2015,2.19,1,1,101500.0
1,30.0,5,5,2000,0.1,2,1,137900.0
2,33.8,4,3,2001,0.2,1,1,99400.0
2,132.1,5,1,2001,0.34,1,0,402300.0
6,52.4,2,8,2010,0.77,2,1,65800.0
2,99.0,5,1,2014,2.8,1,0,258700.0
3,73.0,1,8,2004,0.64,2,0,100600.0
5,57.9,1,9,2022,1.59,2,0,84900.0
5,89.4,1,5,2015,1.85,1,0,92600.0
1,30.0,3,8,1990,1.32,2,1,53200.0
6,34.0,3,8,1979,0.66,2,1,39400.0
1,57.7,3,2,1985,1.29,1,1,110900.0
2,36.4,5,0,1976,0.63,1,1,83400.0
1,55.5,3,0,1973,0.13,1,0,114300.0
3,91.3,2,2,1996,5.0,1,1,108400.0
5,73.3,1,4,2021,0.2,2,0,117800.0
2,103.3,5,2,2024,0.11,1,1,375500.0
1,74.9,1,8,1994,3.16,2,1,106100.0
6,94.8,3,8,2000,0.54,1,0,132600.0
3,68.4,5,2,1980,1.58,1,1,126600.0
3,55.2,4,2,2017,0.6,2,0,164900.0
1,107.0,2,4,1989,0.75,2,1,193800.0
5,52.3,3,1,2005,0.46,1,0,70000.0
1,78.6,3,5,2023,0.63,1,1,272600.0
2,89.2,2,6,2023,0.79,1,0,251600.0
1,91.0,2,8,2024,1.91,1,1,225100.0
3,40.9,4,5,1986,1.07,1,1,61800.0
1,96.3,3,2,2014,4.31,1,1,216800.0
5,45.5,3,4,1980,0.1,2,1,54400.0
6,90.3,1,3,1999,1.05,1,1,82800.0
4,83.4,5,4,2004,1.32,2,1,193100.0
1,90.5,5,7,2010,3.79,2,0,304500.0
5,39.9,1,7,2007,0.1,1,0,50300.0
5,84.7,5,5,1991,1.28,2,1,150600.0
6,97.1,2,0,2022,2.88,1,1,105300.0
3,74.8,5,7,2012,0.42,2,1,220200.0
5,49.5,5,7,2017,3.13,1,0,94800.0
5,93.0,1,1,2020,0.1,1,1,136100.0
5,72.8,4,3,1996,1.98,2,0,107700.0
5,30.0,5,1,2006,4.06,1,1,58700.0
2,47.6,5,3,2015,1.61,2,1,154700.0
2,56.8,4,9,2018,0.87,2,0,167700.0
3,107.6,1,6,2004,0.1,1,1,174400.0
1,103.3,4,8,1973,3.79,1,0,157300.0
5,103.2,1,7,1985,0.95,1,1,88400.0
6,75.8,2,8,1985,0.1,1,1,70100.0
1,92.8,1,7,1990,1.76,2,1,164700.0
6,41.5,2,1,1995,0.99,1,1,40700.0
1,70.2,2,6,2005,0.2,1,0,171100.0
3,81.3,1,1,1988,0.36,2,1,92400.0
5,43.1,3,10,1986,0.1,1,1,49200.0
5,75.2,1,1,2014,1.28,2,1,86800.0
4,112.2,5,3,1995,1.46,1,0,238700.0
6,84.0,5,0,1991,1.06,2,1,112600.0
1,92.9,3,4,2024,2.55,1,1,267300.0
1,30.0,2,5,1997,2.96,1,1,49600.0
2,108.9,3,8,1970,1.43,1,1,148800.0
4,65.3,5,9,2013,0.1,1,1,166700.0
2,50.8,3,7,2005,1.78,2,1,113600.0
2,65.6,1,1,2012,0.81,1,1,102600.0
2,32.9,3,0,2006,1.25,2,0,70700.0
6,96.2,2,1,1971,1.57,1,1,77600.0
6,61.6,1,6,1986,0.65,1,1,44500.0
3,51.5,4,3,2009,3.74,1,1,78600.0
3,65.8,5,9,2007,0.22,1,1,163700.0
2,98.0,5,4,1990,1.67,1,1,238300.0
4,73.3,3,6,1978,0.1,1,0,120100.0
1,34.8,1,2,1982,3.88,2,1,50700.0
6,81.6,4,9,1980,0.18,1,1,88400.0
4,46.8,1,1,1985,0.15,1,1,46300.0
5,30.0,5,6,1985,0.61,1,1,57200.0
6,107.4,1,4,1971,0.7,1,1,89200.0
6,81.4,4,0,2011,0.36,2,0,122600.0
3,68.0,3,0,2013,1.32,1,1,114700.0
1,61.4,2,8,1977,0.88,1,1,88400.0
1,104.9,1,4,2012,0.1,1,1,250500.0
5,147.2,2,0,2011,0.58,1,1,196900.0
5,81.2,5,6,1982,2.49,1,0,114400.0
6,44.3,3,8,1986,1.76,2,0,46900.0
2,66.1,3,10,2008,1.94,1,1,131800.0
3,80.8,1,0,1993,1.8,1,1,81400.0
3,30.0,3,9,1972,0.56,2,1,52100.0
6,78.4,1,3,1999,0.16,1,1,87600.0
4,80.9,1,2,2021,0.48,2,1,145600.0
2,103.2,2,4,1982,2.67,1,1,124500.0
6,100.6,3,6,1988,5.0,2,0,79100.0
2,72.8,1,7,1976,1.02,1,1,88400.0
2,107.9,2,1,1978,0.1,1,1,196400.0
2,120.9,4,6,1988,0.23,1,0,261100.0
6,70.7,2,0,2014,0.58,1,1,82400.0
3,80.5,2,6,2023,1.3,1,1,149500.0
3,30.0,1,7,2009,0.12,1,1,49700.0
2,33.7,5,1,1991,4.31,1,0,86600.0
4,49.0,5,8,1987,0.68,1,1,82100.0
1,58.9,5,0,1992,3.66,1,0,135400.0
6,42.6,2,5,1971,2.27,2,0,34800.0
1,69.1,1,0,2019,2.11,2,1,134900.0
4,59.7,3,2,2019,1.4,1,1,122400.0
6,96.8,2,10,1980,1.48,1,1,69400.0
2,58.1,2,5,2000,1.52,1,1,99900.0
3,30.0,1,2,2002,1.49,1,1,50200.0
1,73.1,4,7,1983,1.21,2,1,169100.0
5,69.6,2,4,1985,5.0,1,1,57900.0
5,48.4,4,1,1980,1.98,1,1,64300.0
4,72.4,4,3,2002,2.25,2,1,135600.0
2,43.1,5,8,1976,3.09,1,1,100300.0
1,78.2,1,3,2000,0.36,2,0,177100.0
2,135.8,4,9,2017,0.13,2,1,455000.0
1,30.0,1,9,2015,0.99,1,1,55500.0
4,57.1,5,7,2016,1.08,1,1,127700.0
4,53.1,1,4,1983,2.65,1,1,41900.0
5,59.2,2,10,1997,0.88,1,0,64600.0
2,95.5,4,10,2022,1.27,1,1,216700.0
6,83.6,1,9,2012,1.12,2,1,86500.0
5,91.2,3,0,1985,0.1,1,0,74100.0
2,70.8,1,6,1988,1.43,1,1,79800.0
5,36.9,4,2,1986,2.64,1,1,47300.0
6,42.1,5,9,1995,0.26,2,1,95600.0
3,88.7,5,7,1975,1.35,1,1,163600.0
3,74.3,4,2,2012,1.35,2,1,166400.0
3,101.5,2,0,2018,0.27,1,1,216800.0
3,77.3,2,4,1978,0.2,1,1,110700.0
1,40.4,5,1,2019,5.0,2,1,137200.0
3,57.0,5,10,1986,0.75,2,1,101100.0
6,84.1,4,3,2000,0.39,1,1,135800.0
4,87.8,2,0,1981,0.28,1,1,87200.0
4,91.4,5,8,1992,1.65,2,1,160200.0
1,43.8,2,5,2023,1.41,1,1,121300.0
3,40.0,5,7,2023,1.55,1,1,147300.0
3,65.3,1,10,1974,0.14,2,1,82600.0
3,106.0,3,3,2012,3.36,1,0,148600.0
5,52.7,1,8,2005,0.74,1,0,55500.0
2,81.4,5,1,2005,0.56,1,0,211500.0
5,81.4,3,8,1972,0.93,1,0,73900.0
2,89.0,3,4,1993,0.74,2,1,168400.0
3,111.6,5,5,2024,2.99,1,0,290100.0
3,109.0,5,2,1986,3.97,1,1,150000.0
5,55.1,2,3,2008,0.54,1,0,77500.0
5,30.0,5,5,1995,2.99,2,1,55600.0
2,53.0,4,6,1973,2.28,1,1,94400.0
4,71.9,5,0,2024,4.01,2,0,178800.0
2,61.0,4,6,2014,0.42,1,1,165200.0
5,119.2,5,0,1981,1.29,2,0,147000.0
6,70.5,2,4,1970,0.48,1,1,54700.0
5,86.3,4,5,1990,2.61,2,1,114600.0
6,75.4,1,1,1988,0.1,1,1,67400.0
1,61.3,4,9,1990,1.25,1,0,143500.0
5,30.0,2,8,2021,0.62,2,1,49500.0
1,68.0,4,9,1987,0.58,2,1,164600.0
4,151.4,5,5,2012,1.55,1,1,401700.0
2,38.9,5,6,2021,2.86,2,1,151700.0
6,30.0,2,9,1972,1.41,1,1,23300.0
2,118.4,3,7,2018,2.88,2,1,239800.0
1,88.6,5,10,2013,0.46,1,0,310200.0
6,74.7,1,9,2001,1.1,1,0,61200.0
2,104.1,2,0,1979,0.9,1,1,135100.0
5,49.2,4,7,2009,0.1,1,0,88500.0
3,67.3,4,3,1984,1.22,2,0,110700.0
1,93.9,1,9,1974,1.62,1,0,125200.0
2,122.8,5,7,1973,1.34,1,1,247500.0
1,40.8,2,5,1997,2.0,1,1,69000.0
1,102.0,1,10,2022,1.27,2,1,257300.0
6,79.5,5,8,2021,0.1,1,0,155800.0
6,74.1,2,10,2020,0.19,1,1,107800.0
3,69.8,4,3,2022,1.36,2,1,197000.0
5,35.4,2,1,1973,0.48,1,1,35100.0
1,94.1,3,1,1984,0.12,2,1,196300.0
2,50.4,2,4,1986,0.84,2,1,84700.0
4,43.0,3,9,2013,1.21,1,1,69100.0
1,92.1,2,8,1972,0.6,2,0,146800.0
1,89.7,3,2,1979,1.91,2,0,160300.0
3,72.0,4,7,2016,1.55,1,0,151900.0
5,97.0,5,3,2011,0.61,1,1,232900.0
4,105.6,3,5,1992,2.11,2,0,123500.0
6,102.7,3,9,1987,1.57,1,1,95000.0
6,56.8,4,5,1970,1.52,2,0,70500.0
2,95.4,3,2,2004,1.21,1,1,193500.0
4,75.3,1,4,2022,0.1,1,1,157900.0
6,113.1,4,2,2000,1.79,1,1,161800.0
2,66.9,1,10,2013,0.71,1,1,124600.0
5,61.1,4,10,1970,4.29,1,0,60600.0
2,54.7,3,0,1972,2.56,2,1,71400.0
6,74.7,1,6,1972,1.33,2,0,60500.0
3,81.7,3,3,2006,0.44,2,1,180000.0
3,82.1,4,6,1988,0.34,1,1,155600.0
3,78.7,3,2,1998,0.62,2,0,144700.0
6,86.8,1,10,1994,0.97,1,0,73900.0
3,64.4,1,4,2002,0.53,2,1,100200.0
4,48.2,3,4,2005,1.09,1,1,94100.0
5,46.0,2,1,1998,0.27,2,1,53900.0
2,94.4,4,10,1995,5.0,2,1,169400.0
2,81.8,4,9,1973,0.17,1,1,169800.0
6,30.0,3,1,2018,4.03,1,0,33800.0
3,97.4,2,3,1983,3.67,1,1,94600.0
3,117.0,1,3,2019,1.12,1,0,196200.0
1,52.1,5,3,1996,1.94,1,1,172700.0
5,78.4,5,5,2002,0.86,1,1,150200.0
4,58.2,3,1,1991,1.49,1,0,70400.0
2,85.7,2,5,2017,0.62,2,1,166000.0
1,40.8,2,6,1972,0.54,1,1,83100.0
1,68.2,4,10,1992,1.29,2,1,144000.0
6,94.5,1,9,1990,1.03,2,0,79400.0
2,100.9,2,2,2010,1.3,1,0,203500.0
6,80.7,5,10,1992,0.51,1,1,130100.0
4,61.5,1,7,1973,0.69,2,1,68700.0
1,30.2,1,1,1990,0.13,2,1,71200.0
1,51.1,3,10,2006,0.1,1,0,137700.0
5,58.3,2,7,2012,0.44,2,1,98000.0
4,52.6,3,10,2000,0.12,2,1,99500.0
1,71.5,2,4,1990,0.16,2,1,182200.0
4,61.5,4,1,1995,2.51,2,1,88500.0
2,74.3,3,6,2010,0.1,1,1,222300.0
3,100.1,3,1,2004,1.61,2,1,182300.0
1,59.8,5,5,2007,0.48,2,1,245100.0
5,35.4,3,9,1993,3.08,1,1,37100.0
2,52.5,2,2,1980,1.0,2,1,82600.0
4,84.6,5,8,2010,0.55,1,1,207200.0
6,86.9,3,2,1998,1.09,1,1,88200.0
2,80.2,3,10,2016,0.72,1,0,198500.0
1,102.5,4,2,2024,1.25,1,0,375400.0
4,65.3,3,4,1972,0.18,1,0,94600.0
3,121.3,1,6,1970,5.0,2,0,100400.0
2,90.5,5,7,2021,0.83,1,0,282400.0
1,30.0,1,10,2023,0.64,1,1,70600.0
5,115.0,5,6,1988,1.86,1,1,163300.0
6,50.8,4,8,2015,0.68,1,1,91000.0
4,44.1,3,4,2018,2.69,2,0,83600.0
2,83.1,3,9,1991,0.91,2,0,152200.0
2,30.0,3,10,1983,1.91,2,1,49400.0
3,52.6,5,2,2018,0.17,1,1,200300.0
3,108.9,3,5,1983,2.81,1,1,143700.0
5,83.9,1,4,2013,2.0,2,1,114600.0
6,90.3,3,3,1985,0.36,2,1,112200.0
5,53.6,4,1,2002,0.24,1,1,104800.0
1,31.5,1,6,1982,0.57,2,1,49700.0
1,87.7,3,4,2007,5.0,2,1,170000.0
5,93.3,3,3,2018,0.45,2,1,192100.0
6,92.1,2,7,1981,0.91,1,1,80300.0
5,75.2,5,8,2024,0.1,2,1,218100.0
6,45.8,1,8,2020,0.76,1,0,59800.0
6,130.9,2,2,2007,1.27,1,1,156900.0
4,82.0,4,2,2008,4.59,1,1,142600.0
6,65.7,5,4,2002,1.09,1,1,124400.0
3,65.8,1,4,2002,2.56,1,1,81100.0
6,73.7,3,9,1998,1.19,1,1,75400.0
6,96.7,1,1,1974,0.1,2,1,81000.0
6,74.7,3,0,1975,0.57,2,1,86500.0
1,91.5,5,7,2000,1.29,2,0,310100.0
3,73.8,3,2,1985,4.51,1,1,87900.0
3,67.2,4,0,2000,2.94,1,0,122600.0
5,86.0,3,0,1994,0.39,2,0,88300.0
4,85.1,4,10,2017,0.37,1,1,200200.0
6,65.8,5,1,2015,0.34,2,0,126400.0
2,51.3,5,5,2002,3.84,2,1,132500.0
4,78.5,1,5,1982,2.87,1,0,60800.0
4,72.0,4,2,2021,2.24,2,0,159800.0
3,56.1,4,3,1979,0.75,2,1,105300.0
4,48.9,2,1,1993,1.05,1,1,60100.0
6,80.3,2,1,1979,0.94,1,1,63100.0
6,83.8,2,6,2010,0.44,1,1,122300.0
1,61.0,3,0,2000,1.05,1,1,130300.0
6,55.5,2,6,1982,0.1,1,1,48800.0
6,49.2,4,0,1972,0.21,1,1,59400.0
3,79.6,3,5,2019,3.27,1,1,151200.0
6,49.9,5,2,2021,2.09,2,1,122000.0
1,126.0,1,7,2003,0.82,1,0,258100.0
2,59.7,2,5,2018,1.09,1,1,118200.0
3,30.0,5,10,1997,0.69,1,1,71800.0
2,69.2,4,1,1988,2.03,1,1,128000.0
3,68.2,1,7,1992,2.3,1,1,75600.0
5,97.8,5,4,2014,2.16,1,1,186700.0
4,77.2,1,7,2001,1.92,1,1,96700.0
5,49.2,2,7,1982,0.34,2,1,59100.0
6,62.8,4,5,2002,0.62,2,0,101400.0
2,78.2,1,1,2003,0.95,1,0,130400.0
6,30.0,5,7,2002,0.6,1,1,65600.0
4,103.5,2,10,1974,2.11,1,1,91400.0
3,49.2,2,5,1972,0.6,2,0,67600.0
4,105.4,5,5,1976,0.22,1,0,202300.0
1,79.8,5,7,1993,0.76,2,1,227000.0
4,85.7,1,0,1991,5.0,1,1,62100.0
1,98.7,3,1,2014,0.38,1,1,295200.0
4,84.3,2,8,1992,1.42,1,1,89200.0
1,86.8,1,10,1999,0.85,2,0,144400.0
2,65.9,5,7,1987,0.11,2,1,170700.0
6,79.3,1,6,2001,1.0,1,0,81900.0
6,55.3,5,6,2022,1.82,1,0,121800.0
5,61.4,4,4,1976,1.08,1,1,79700.0
6,119.1,5,1,2002,3.08,1,1,188300.0
3,49.8,5,10,1974,0.51,2,0,113000.0
4,73.9,5,5,2018,0.14,2,0,217400.0
5,72.8,3,9,1997,4.14,2,1,85100.0
3,62.2,5,2,1977,0.71,2,1,136200.0
3,82.9,2,3,1984,1.29,1,0,86700.0
1,84.7,2,9,2021,2.36,2,1,190500.0
6,46.9,1,10,1973,0.59,2,0,38800.0
2,72.5,3,1,2003,1.89,1,1,145500.0
2,42.9,1,1,1974,0.22,2,1,65300.0
5,89.7,2,7,2002,0.52,1,1,122500.0
2,74.4,2,7,1974,0.23,2,1,117100.0
4,72.1,4,9,2007,2.5,1,1,120900.0
2,86.5,5,5,2003,0.38,1,1,245900.0
5,63.1,2,4,1995,1.9,2,0,64600.0
2,92.9,1,7,1970,4.3,1,0,93800.0
4,46.3,1,3,1973,1.13,1,1,49800.0
1,105.3,5,10,2008,1.16,1,0,294200.0
5,56.2,5,3,2023,0.93,1,1,165400.0
1,30.0,4,4,1995,0.59,1,1,99000.0
1,61.8,3,0,2002,0.97,2,1,153500.0
1,59.0,1,0,2002,1.39,2,1,100600.0
3,61.6,5,1,1977,5.0,1,1,86300.0
6,75.8,1,7,1989,4.17,2,1,43300.0
3,97.4,5,6,1985,2.97,1,0,154100.0
6,65.2,2,9,1990,3.3,2,1,63900.0
1,52.7,1,8,2014,0.95,1,0,96300.0
5,41.8,2,4,2024,1.61,1,0,70400.0
6,58.3,1,1,1995,3.38,1,1,41000.0
4,30.0,3,6,1992,0.75,1,0,43900.0
4,51.9,4,7,1987,4.9,2,0,70100.0
2,101.1,2,6,2000,0.81,2,0,186200.0
6,49.4,5,6,2021,1.38,1,1,111900.0
5,85.7,3,4,2011,1.86,1,1,129500.0
3,39.3,1,1,1981,4.51,2,0,37600.0
1,114.3,2,5,1970,0.42,2,1,208500.0
2,115.9,1,3,2011,2.06,1,0,195700.0
4,84.8,1,9,1978,1.1,1,1,78600.0
3,119.8,1,1,1972,0.47,2,1,141700.0
3,78.9,4,8,2020,2.25,1,1,155300.0
1,89.2,4,6,1995,1.21,1,1,210900.0
6,101.5,5,5,1978,1.62,1,1,132900.0
4,74.5,2,4,2011,0.58,2,0,133400.0
5,31.2,3,2,2020,0.98,2,1,78500.0
3,89.7,3,9,1985,1.44,2,0,112700.0
1,58.2,3,9,1993,0.78,2,1,103900.0
5,60.1,1,3,2019,0.33,2,0,91400.0
6,77.4,4,2,1983,4.89,1,1,66400.0
4,84.2,2,10,1972,1.07,2,0,77300.0
6,73.8,1,7,2003,1.99,1,0,59800.0
3,85.9,4,2,2002,0.79,2,1,184200.0
5,52.3,4,6,2019,0.66,1,1,98000.0
5,68.9,2,6,1993,0.78,1,1,79000.0
5,91.2,2,6,1978,0.79,2,1,91300.0
3,114.3,2,6,1982,1.18,2,1,136200.0
3,123.2,1,1,1971,1.18,1,0,113400.0
6,80.8,5,9,1976,1.03,1,0,88900.0
2,91.0,2,2,2017,0.22,1,0,258300.0
6,119.5,5,9,1990,1.03,1,1,190200.0
4,53.2,1,8,1988,0.28,2,0,58700.0
1,85.7,5,2,1994,0.2,1,0,284900.0
5,89.2,3,1,2016,4.05,2,0,96600.0
2,106.2,5,8,1991,1.39,1,0,214500.0
1,41.6,2,9,1980,1.62,2,1,67600.0
2,46.5,1,8,2002,0.77,2,0,84700.0
6,70.5,2,3,2001,3.6,1,1,69600.0
3,79.4,3,8,1990,1.52,1,1,117800.0
5,98.1,2,2,2008,2.2,2,1,123100.0
6,82.9,2,6,1989,0.69,2,0,78100.0
1,66.2,2,6,1977,4.83,1,1,81600.0
1,80.4,4,10,2011,2.58,1,0,207700.0
1,77.5,3,7,2006,2.89,1,1,157400.0
1,113.6,2,9,1978,0.28,1,0,193500.0
1,74.1,2,3,1994,0.47,1,1,162500.0
2,60.4,2,2,1994,0.5,1,1,127200.0
6,81.2,1,2,2002,0.47,2,1,90000.0
5,75.0,4,4,1971,2.9,2,1,97700.0
3,30.7,1,10,1988,0.1,2,1,46600.0
3,69.6,4,0,2015,0.12,2,1,184100.0
6,67.5,2,9,1989,0.48,2,0,65000.0
6,56.4,3,2,2011,0.33,1,1,98800.0
3,95.9,5,5,2010,0.4,1,1,308100.0
3,50.4,5,2,2011,2.4,2,1,125400.0
2,81.4,2,4,1998,1.24,1,0,114900.0
4,66.3,1,8,1975,0.1,1,1,67000.0
5,72.7,3,1,1986,0.84,2,0,64800.0
1,80.3,4,10,1994,0.79,2,0,211000.0
4,37.3,2,1,2007,0.18,2,0,66900.0
6,74.8,3,5,1973,1.69,1,0,66700.0
3,127.2,3,5,1999,1.82,2,1,188000.0
4,31.1,4,10,1989,1.91,2,1,50400.0
5,68.6,3,10,1972,1.96,1,0,63800.0
6,98.1,1,7,1992,0.1,2,1,108500.0
1,77.5,1,10,2020,4.62,1,1,141800.0
1,87.2,1,1,1987,2.52,1,1,103300.0
5,30.0,3,8,1995,3.51,1,1,33900.0
5,85.0,1,1,2005,0.1,1,1,108700.0
3,51.0,4,0,1977,4.07,1,0,57800.0
1,77.7,3,9,1986,2.49,1,1,129000.0
6,69.3,5,1,2000,2.72,1,1,98300.0
4,127.0,3,6,2006,0.15,1,1,230700.0
6,83.7,4,7,2014,2.01,2,1,142100.0
2,67.2,5,4,2002,4.83,1,1,157800.0
2,32.3,3,5,1996,1.7,1,1,62200.0
5,73.0,1,0,2014,1.27,2,0,82800.0
3,90.6,2,5,1973,4.37,1,0,77500.0
2,68.0,2,7,1991,0.88,1,1,113100.0
1,57.4,1,2,1995,1.37,1,1,96200.0
6,55.7,2,10,2001,0.97,2,1,63300.0
6,83.4,2,0,1993,4.05,2,1,76100.0
5,89.0,1,10,2015,0.12,2,1,116000.0
4,104.0,1,3,2004,1.04,2,1,145200.0
5,45.1,3,0,2006,1.74,1,1,55500.0
4,83.1,3,7,2001,2.35,1,0,104500.0
5,67.0,1,4,1976,1.31,1,1,56700.0
5,67.7,4,0,2002,3.59,1,1,89100.0
5,80.0,2,7,2000,4.27,2,0,89100.0
4,80.2,3,8,2024,0.1,2,0,204200.0
4,83.2,2,9,1981,0.77,1,1,100400.0
5,43.6,5,1,1980,0.1,2,0,84000.0
2,51.3,1,8,1993,0.6,1,1,72500.0
3,107.1,4,7,1977,1.15,1,1,166900.0
3,64.5,5,6,2001,3.63,2,1,136100.0
3,77.7,5,2,2007,2.81,1,1,190900.0
4,96.4,5,1,1991,0.2,1,1,177900.0
4,81.6,1,6,2003,0.15,1,1,142400.0
2,83.7,3,4,1988,1.33,1,1,141600.0
3,92.4,1,5,2021,1.14,2,1,136200.0
3,30.0,3,3,1989,0.46,2,1,51300.0
5,57.8,5,1,1983,3.45,1,1,84700.0
4,81.7,5,8,2002,3.93,1,0,146500.0
3,104.7,4,2,1979,0.77,2,1,161100.0
6,71.7,3,6,1985,3.32,2,1,72600.0
2,48.9,5,7,1973,0.73,1,0,96200.0
6,49.5,2,1,1996,2.0,1,0,39200.0
6,92.1,4,5,1997,0.97,2,0,141300.0
2,64.6,1,10,2012,0.2,1,1,124700.0
6,69.8,4,7,1985,3.95,1,1,61100.0
3,85.4,2,6,2021,0.91,1,0,166900.0
4,30.0,3,10,2002,1.99,1,1,43600.0
2,120.0,1,2,2017,0.69,1,1,273300.0
5,51.7,1,0,1988,0.1,1,0,40000.0
6,76.0,3,5,1990,0.16,2,1,100300.0
2,30.0,4,7,1991,1.03,1,1,58000.0
1,59.4,5,5,1978,1.76,1,1,149600.0
1,101.1,4,4,1978,0.61,1,0,222800.0
4,30.0,2,10,1978,1.78,2,0,28500.0
3,98.2,5,7,1996,1.8,1,0,201100.0
4,63.2,4,1,1986,1.83,1,1,90300.0
4,82.2,3,0,2013,1.02,1,1,120100.0
4,86.4,2,0,2014,3.7,2,1,101300.0
4,81.0,2,3,1977,1.01,1,1,85300.0
5,48.4,2,5,1985,0.9,1,0,40200.0
5,60.9,5,8,1987,0.33,1,1,113100.0
2,33.5,1,0,2002,0.55,2,1,58800.0
1,82.3,5,0,1970,0.1,1,1,222700.0
4,112.6,4,4,1981,1.51,2,1,169200.0
2,30.0,1,9,1975,0.43,2,1,44000.0
1,51.0,4,4,2010,0.54,2,0,197700.0
6,65.5,1,4,2024,2.21,1,0,80800.0
3,74.3,5,9,1974,0.59,2,0,128000.0
5,92.0,2,5,1985,0.42,1,0,87700.0
6,66.2,3,7,1987,0.28,1,1,73300.0
1,62.1,2,2,2018,2.24,2,0,146400.0
6,97.6,5,8,1987,0.21,1,0,126100.0
3,86.5,1,0,1970,0.91,1,1,90600.0
1,83.5,2,3,1988,1.06,1,1,150600.0
6,72.8,5,8,2023,1.74,1,1,166400.0
5,94.6,4,7,1977,1.5,1,1,125900.0
5,53.6,3,9,1972,2.5,2,1,52500.0
2,50.2,2,8,1994,0.1,2,1,89000.0
6,88.7,1,0,1974,0.53,2,0,64000.0
4,30.0,4,8,2024,0.49,1,1,83900.0
6,72.3,5,2,2009,0.24,2,1,168500.0
1,62.1,3,10,1988,0.51,1,1,115100.0
1,34.9,1,9,1987,0.56,1,0,54900.0
6,46.7,5,8,2019,1.11,1,1,101500.0
3,67.3,5,0,2022,1.63,1,0,171000.0
5,95.8,2,0,2000,0.72,1,1,101800.0
1,53.7,2,8,2002,1.91,1,1,109300.0
5,100.3,1,10,2016,0.61,1,1,126700.0
1,71.6,5,5,1987,0.51,1,1,205200.0
2,102.8,2,3,2008,1.17,1,1,220600.0
4,54.9,3,6,1985,0.1,2,1,93600.0
1,68.8,3,4,1985,0.12,2,1,164100.0
5,79.2,5,9,2016,0.81,1,1,152200.0
2,65.5,2,6,2007,4.29,1,0,86800.0
1,93.8,1,7,2010,1.92,2,1,192500.0
3,30.0,1,7,1976,0.14,1,0,38500.0
4,130.6,1,0,1983,2.81,2,1,113100.0
1,91.4,3,7,2012,1.98,1,1,245300.0
2,65.7,2,5,2022,1.42,2,1,175300.0
3,56.2,2,3,2017,2.57,1,1,97300.0
6,48.3,3,7,1994,0.78,1,0,59400.0
2,86.1,1,2,2001,0.38,2,0,179100.0
2,94.9,1,3,2007,1.08,1,1,134300.0
3,65.9,5,5,1991,1.19,1,0,133400.0
2,97.7,4,10,1985,1.16,1,1,172600.0
3,47.3,2,6,2021,1.25,2,0,92300.0
1,42.9,2,3,1998,4.46,1,1,61900.0
3,115.3,2,3,1985,3.49,1,0,97400.0
3,84.8,4,6,1981,3.13,1,1,116400.0
4,104.9,5,5,1986,2.42,1,1,150800.0
3,48.7,4,10,2006,4.31,2,1,80800.0
3,46.9,1,7,1996,0.16,1,0,67200.0
6,61.0,1,0,1994,0.46,1,1,55700.0
1,49.4,2,9,1982,1.02,1,0,72300.0
4,87.6,3,10,1977,2.81,1,1,69100.0
6,51.2,2,6,1974,1.06,1,1,38400.0
5,40.7,3,6,1981,2.07,1,1,40400.0
1,73.6,4,10,2010,0.22,1,1,262100.0
1,37.8,1,6,1972,0.44,2,1,68700.0
5,30.0,3,6,2004,1.97,1,1,46300.0
3,73.3,4,9,2002,0.27,2,1,167700.0
6,30.0,1,9,1991,0.65,1,1,26400.0
2,89.4,3,7,2019,0.46,1,1,235900.0
4,35.1,2,8,2013,0.65,1,1,55600.0
2,30.0,2,8,1978,1.85,1,0,33300.0
5,62.7,2,1,2010,0.69,2,1,94700.0
1,73.6,4,6,1987,1.22,2,1,160300.0
1,82.3,2,6,2019,0.16,2,0,253900.0
4,74.3,5,3,1998,2.45,1,0,123900.0
1,43.5,1,8,2008,0.69,1,1,72700.0
1,87.8,4,7,1996,1.57,1,1,198400.0
4,94.0,2,0,2005,1.94,2,1,112300.0
6,39.9,1,1,2014,0.35,1,1,39000.0
6,65.5,3,1,1986,3.24,1,1,54600.0
4,63.1,2,10,2003,1.44,1,1,84000.0
5,75.5,1,7,2015,0.84,1,1,100500.0
1,64.9,5,0,1972,0.3,2,1,158700.0
1,68.3,3,3,1974,4.28,1,0,103900.0
5,86.0,5,9,1983,2.11,1,1,103100.0
6,42.2,1,4,1972,0.35,1,0,36000.0
3,88.4,5,8,1992,0.62,2,1,207800.0
3,98.5,1,6,2008,2.49,1,1,133400.0
3,110.9,1,7,1999,1.78,2,0,138800.0
6,30.0,5,10,2019,2.18,1,1,62600.0
6,65.4,1,8,2014,0.87,2,1,80800.0
5,30.0,2,6,1992,1.89,2,1,32600.0
1,30.0,1,4,1996,0.73,1,1,54600.0
5,73.6,4,4,2023,0.36,1,1,190500.0
5,60.0,1,9,1979,1.5,1,1,47800.0
6,77.5,4,10,1994,5.0,1,1,85400.0
3,82.2,1,5,1982,0.56,2,1,102600.0
2,101.2,1,4,1985,0.93,1,1,132700.0
1,71.3,5,10,2010,1.68,1,1,243000.0
6,143.1,2,8,2003,1.17,1,0,130200.0
3,77.7,2,2,2024,2.78,1,1,137900.0
2,116.1,3,2,2006,2.15,2,1,231300.0
2,30.0,5,6,1991,0.1,1,1,100200.0
6,103.7,5,6,1986,5.0,2,1,104000.0
4,65.5,2,5,1992,2.09,2,1,77900.0
1,30.0,5,2,2023,2.99,1,0,134800.0
2,80.5,2,6,2005,1.58,1,1,144000.0
6,62.4,5,4,2018,2.91,2,1,160100.0
6,84.5,1,6,1978,0.18,1,1,71800.0
3,95.3,2,1,2021,0.64,1,0,168000.0
4,32.8,2,5,1971,3.14,1,1,30400.0
1,95.4,4,7,2001,0.34,1,1,294500.0
5,70.2,5,0,2019,0.12,2,0,169800.0
3,103.8,5,3,2022,2.33,1,1,265600.0
2,64.9,2,10,1991,2.71,1,0,80000.0
2,58.2,1,0,2012,0.27,2,1,117000.0
3,70.7,1,0,1982,2.89,2,1,70200.0
6,72.5,1,9,1977,1.74,1,0,55700.0
2,53.4,5,10,1970,1.1,2,0,125000.0
4,57.6,4,7,1986,2.66,1,1,70800.0
1,39.3,2,6,1981,0.82,2,1,67100.0
4,59.1,3,9,1973,0.32,1,1,71500.0
2,86.9,4,0,2022,0.5,1,1,309600.0
5,66.6,3,10,1982,1.06,2,1,68400.0
1,95.2,4,1,2000,1.14,1,0,216900.0
1,65.4,1,3,2010,2.46,2,1,129300.0
3,34.2,5,0,1976,2.35,1,1,65200.0
3,84.9,3,2,1992,1.31,2,1,145300.0
5,53.2,4,7,1993,2.28,2,1,77000.0
6,64.2,5,7,1974,0.32,1,0,104300.0
1,100.9,3,7,1974,0.1,2,0,177500.0
5,41.0,2,5,1986,3.1,1,1,35100.0
3,74.1,4,5,1999,0.12,2,1,176200.0
3,69.0,2,4,1978,0.42,1,1,86300.0
1,87.5,1,8,1975,1.78,2,1,109100.0
4,91.4,2,3,1994,0.79,1,1,99600.0
2,76.6,2,9,1988,3.14,1,1,97900.0
3,61.0,4,6,1985,0.53,1,1,102200.0
6,81.8,1,0,1990,0.1,1,0,74800.0
6,103.4,2,8,1971,0.54,2,0,95100.0
3,69.3,5,6,1979,1.29,1,1,143300.0
4,63.3,3,9,1985,0.71,2,1,76700.0
4,79.7,2,8,2006,1.15,1,1,93800.0
5,71.0,1,6,1984,3.14,1,1,53500.0
6,36.6,2,1,1982,3.65,1,1,27800.0
5,76.0,3,5,1982,0.46,2,0,90200.0
6,36.3,1,9,2001,0.93,2,1,38800.0
2,79.4,4,10,2014,1.19,1,0,167200.0
2,50.1,1,3,2016,4.47,1,0,69200.0
1,70.9,4,2,2015,5.0,1,1,202400.0
5,79.8,1,1,1977,0.4,2,0,69300.0
3,131.3,3,5,2012,1.95,1,1,235700.0
5,88.6,3,7,1987,0.71,2,0,93500.0
3,104.1,1,5,2005,0.1,1,0,172100.0
4,116.8,2,8,1995,0.1,2,1,152500.0
5,82.2,3,4,1979,0.93,2,1,96300.0
4,77.1,4,1,2000,1.01,1,0,142900.0
2,43.3,4,7,2002,0.1,1,0,143900.0
2,67.1,5,8,1998,1.74,1,1,134300.0
1,51.9,4,9,1974,0.52,1,1,119000.0
5,60.0,5,3,1982,1.23,2,1,93800.0
4,116.8,1,5,1970,0.54,1,1,115500.0
3,72.9,1,10,1992,0.27,2,0,102500.0
2,48.1,1,9,2009,0.78,1,1,76700.0
2,104.4,2,7,1972,0.4,1,1,160900.0
3,93.9,2,8,1972,1.15,1,1,102500.0
4,95.2,5,4,1976,0.33,1,0,176600.0
4,30.0,4,5,2005,1.07,1,1,57400.0
5,118.7,4,10,2004,0.26,1,0,196800.0
5,56.0,1,3,1984,1.67,1,0,39800.0
6,89.4,3,4,2009,2.1,1,0,98200.0
6,133.1,2,6,1972,0.18,1,0,148800.0
1,123.9,2,8,1998,0.95,1,1,204500.0
2,45.6,1,9,1999,0.11,1,1,66100.0
5,33.9,2,10,2008,1.37,2,0,42300.0
4,105.8,1,5,1987,0.46,1,1,106000.0
3,73.6,5,5,1980,1.12,2,1,137400.0
4,57.5,4,7,2012,1.09,1,1,129600.0
2,85.5,3,10,2018,3.87,2,1,175800.0
6,65.9,4,3,2007,1.19,1,0,97600.0
4,87.5,4,2,2009,1.31,2,1,161700.0
1,71.7,5,6,1970,0.77,1,1,178100.0
2,88.1,2,4,1998,4.47,2,1,133200.0
6,47.6,3,1,1979,2.25,1,1,40800.0
3,105.6,2,1,1997,0.5,1,1,127100.0
6,87.4,4,10,2000,2.79,2,1,116300.0
1,86.2,1,5,1988,0.85,1,0,110000.0
2,42.1,4,7,1972,2.65,1,1,88000.0
3,112.5,2,0,2005,2.6,1,0,125000.0
1,69.7,4,10,2012,0.31,1,1,219800.0
6,88.2,1,5,1984,1.81,2,0,69000.0
1,61.9,5,1,2002,0.52,1,1,210100.0
2,76.5,2,1,2010,0.53,2,1,164300.0
5,77.4,4,6,2012,0.53,1,1,161500.0
1,30.0,2,9,2020,1.94,1,1,79600.0
1,84.6,5,0,2014,0.39,2,1,320200.0
6,119.1,4,5,1995,0.1,2,1,210300.0
6,83.5,4,6,1985,1.88,2,1,91500.0
3,46.1,2,7,2005,0.28,1,1,88700.0
6,86.2,2,6,2002,0.17,1,1,117000.0
4,96.5,1,5,1989,0.41,1,1,100600.0
2,82.8,5,8,1982,0.72,1,1,190700.0
2,68.1,1,2,2002,0.97,1,0,118800.0
5,63.9,4,10,1974,0.1,2,1,91500.0
5,63.8,2,5,2006,5.0,2,1,72600.0
2,87.4,4,3,1983,1.89,1,1,139100.0
5,34.8,4,1,1996,0.59,1,1,57500.0
3,60.7,3,0,1992,0.58,2,0,94900.0
6,109.9,3,0,1983,0.89,1,1,89900.0
2,110.9,4,10,2009,1.48,1,1,261800.0
5,33.0,2,9,1973,0.24,1,1,31500.0
2,41.7,4,2,2008,0.31,1,0,119000.0
4,63.2,3,3,2021,2.94,2,1,120000.0
1,92.3,2,1,1988,0.44,1,1,168600.0
6,30.0,4,10,2016,0.72,1,0,52700.0
2,68.6,5,10,2023,3.08,1,0,226500.0
1,58.1,5,10,1973,1.63,2,1,147400.0
5,103.1,4,0,1999,0.63,2,0,139400.0
1,30.0,2,3,1988,1.73,1,1,45300.0
6,72.3,4,6,2000,0.1,1,0,114500.0
2,60.2,4,9,2000,2.0,1,1,137000.0
4,106.7,3,10,1978,1.0,1,1,106300.0
5,84.9,5,5,2022,2.52,2,1,210100.0
2,55.4,3,5,1982,4.64,1,1,77500.0
6,91.3,3,10,1983,3.9,1,1,66600.0
5,60.3,4,8,2024,3.6,2,1,96600.0
3,95.0,3,1,2015,1.08,1,0,174500.0
1,64.1,5,3,2023,0.67,2,1,276900.0
6,96.4,3,4,1979,0.94,1,0,91900.0
3,80.9,5,0,2017,1.76,1,1,187700.0
2,151.5,3,7,2000,3.23,2,0,280500.0
4,68.7,5,7,2006,0.35,1,1,181400.0
5,79.6,3,5,1992,3.76,2,1,85400.0
1,58.0,3,4,1996,2.53,1,0,108700.0
5,70.1,2,7,1975,5.0,1,0,44100.0
2,30.0,5,2,1995,3.18,2,1,89700.0
5,81.6,5,2,1971,0.49,1,1,129500.0
1,103.6,5,1,2014,0.17,2,1,417700.0
2,79.9,1,4,1982,0.18,1,1,118400.0
5,37.2,3,2,2020,0.52,1,0,77500.0
4,50.0,5,2,2019,1.43,1,1,134600.0
6,30.0,1,5,1988,2.45,1,0,19500.0
2,94.5,2,7,1970,3.44,1,1,120100.0
6,44.8,5,1,2009,1.47,1,1,96900.0
2,69.3,5,3,2001,0.1,1,1,261100.0
4,66.2,1,10,1991,0.31,1,1,72400.0
6,107.2,3,6,2017,0.16,2,0,198600.0
3,72.1,2,0,1998,0.68,1,1,86200.0
1,90.2,5,0,1971,1.04,2,1,181300.0
3,83.7,3,9,2009,0.1,1,0,153200.0
5,104.0,2,6,2007,0.64,1,0,121600.0
4,64.0,4,6,2017,0.3,2,1,182900.0
3,116.7,4,0,2024,1.56,1,1,245200.0
2,30.0,2,0,1980,0.94,1,1,43600.0
5,91.4,1,3,1986,1.03,1,1,80500.0
5,48.3,2,4,2024,0.84,1,0,82600.0
3,57.7,2,4,2020,4.69,1,1,93000.0
3,84.2,1,3,2012,0.36,2,1,148900.0
4,84.0,1,7,1977,1.09,1,0,74200.0
1,85.2,3,6,1991,2.0,2,1,194700.0
3,35.3,3,8,1973,1.22,2,0,45300.0
3,106.2,1,6,1980,3.97,1,0,77000.0
6,47.5,4,9,1977,0.71,1,0,58400.0
2,50.8,4,0,1978,0.93,2,1,97900.0
6,85.9,2,6,1995,0.14,2,1,95400.0
6,62.8,5,0,1971,1.41,1,1,76000.0
5,77.7,2,6,1985,0.51,1,1,73200.0
1,30.0,2,9,2000,0.26,1,1,67600.0
2,77.1,5,7,1975,1.18,1,1,159000.0
4,75.4,1,10,2022,1.14,1,1,107300.0
4,57.3,4,8,1990,0.12,2,1,102700.0
3,30.0,2,2,1995,1.8,1,1,40000.0
3,64.7,5,3,1988,1.47,2,0,124700.0
4,69.1,3,3,1997,0.31,1,1,110400.0
3,60.8,2,8,1977,0.95,1,1,66600.0
1,30.0,4,6,1983,1.91,1,1,74800.0
6,109.9,1,2,1993,1.13,2,0,104100.0
3,54.0,2,9,2017,0.76,2,0,88200.0
5,64.4,2,4,2013,0.58,2,1,110500.0
3,30.0,5,6,2006,1.41,1,0,83700.0
2,109.9,3,7,1995,4.2,1,0,154600.0
1,58.3,3,0,2000,1.67,1,1,108500.0
2,72.5,1,1,2020,0.12,1,1,163300.0
2,98.0,4,6,2001,0.93,2,1,253100.0
5,53.1,1,10,2019,3.32,1,1,54000.0
1,94.1,2,1,2010,0.15,2,0,221100.0
1,30.0,2,6,1971,5.0,1,1,40100.0
1,83.8,3,8,1994,4.47,2,0,133200.0
1,109.3,4,10,2021,0.12,2,1,392700.0
1,55.5,5,1,2013,4.06,1,1,159700.0
5,98.0,4,6,1971,0.68,2,1,119200.0
3,115.8,2,3,2011,2.79,1,1,178200.0
2,63.6,5,10,1970,0.81,1,1,141800.0
1,61.6,4,1,2005,0.87,2,0,170600.0
3,47.5,4,6,1981,1.51,2,1,71300.0
3,57.3,5,4,1978,2.23,1,1,100600.0
2,49.6,2,0,2005,0.1,1,1,88800.0
5,47.5,4,4,2010,1.35,2,1,98900.0
4,100.0,5,2,1997,0.31,2,1,221900.0
4,50.3,2,6,2007,0.64,1,1,63000.0
3,76.5,5,5,2002,0.64,2,0,208900.0
6,71.0,5,7,2011,0.95,1,1,134800.0
6,107.5,4,4,2015,0.61,1,0,213000.0
2,57.4,2,1,1991,0.17,1,1,103000.0
4,79.5,4,8,1994,0.24,1,1,125600.0
3,89.8,1,10,1987,0.1,2,1,97600.0
5,107.2,1,7,1975,0.95,1,1,93700.0
4,57.1,2,5,1987,4.63,2,0,49300.0
3,54.6,5,9,2021,0.18,1,1,176800.0
3,43.5,4,6,1985,4.39,2,1,75200.0
1,125.9,4,8,1984,1.98,2,1,225900.0
5,104.6,2,6,2017,1.52,2,0,153100.0
1,68.9,2,2,1977,1.55,1,1,123300.0
2,118.3,1,5,1982,2.63,1,1,132700.0
1,67.5,3,10,2024,0.17,2,0,206900.0
1,88.1,2,10,2012,1.05,2,1,198700.0
4,70.3,3,6,1976,1.79,1,0,71300.0
6,79.9,2,1,1986,1.33,2,1,74300.0
3,77.3,5,2,2019,2.68,1,0,194300.0
5,59.4,5,3,2001,0.11,1,1,179600.0
1,97.3,1,9,1991,1.76,2,1,167600.0
5,87.9,1,5,2024,1.15,1,1,115800.0
6,95.7,3,0,2020,0.72,2,1,141700.0
6,78.0,2,8,1982,0.62,1,1,67000.0
1,47.3,4,4,2016,1.45,1,0,160100.0
2,112.7,1,6,1992,3.32,1,1,149900.0
1,63.4,4,8,2023,1.03,1,1,233000.0
4,79.1,4,8,1998,2.61,2,1,110600.0
3,85.9,2,0,1991,0.77,1,0,101100.0
2,78.9,3,0,1970,0.16,1,0,123600.0
1,92.9,2,2,1998,0.1,1,1,226200.0
5,96.8,1,5,2017,0.1,1,1,157300.0
2,64.4,4,1,1974,0.72,2,1,126600.0
2,110.6,2,9,2004,0.62,1,1,207800.0
1,63.3,2,10,2024,1.9,1,1,133300.0
2,78.4,2,0,1979,2.04,2,1,92300.0
5,60.3,1,0,1988,0.1,2,1,58700.0
6,53.2,3,4,2006,0.37,2,1,97800.0
2,96.1,2,3,1976,0.48,1,0,130700.0
6,148.0,1,0,2015,1.19,1,0,156000.0
5,61.0,4,3,2004,0.23,2,0,129400.0
1,100.4,5,2,2014,0.22,2,1,459400.0
3,61.9,1,1,1982,4.32,1,0,54500.0
2,69.7,5,8,1979,2.45,2,0,137300.0
3,113.9,2,10,1971,0.3,1,1,148000.0
5,43.2,2,0,1975,0.78,1,0,35600.0
2,36.5,1,6,1977,0.66,2,0,49000.0
6,67.8,5,3,2005,2.35,2,0,120300.0
4,86.6,2,4,1994,1.07,1,0,95500.0
3,81.6,4,9,2013,0.21,2,1,208500.0
2,79.0,3,4,2016,2.01,1,1,138800.0
3,70.9,3,0,2009,0.76,1,1,121000.0
2,89.7,2,5,1976,0.46,2,1,139700.0
1,30.0,5,8,2015,0.71,2,1,116400.0
6,51.2,2,1,1992,1.03,1,1,47800.0
3,67.7,5,6,1988,0.63,1,0,115400.0
4,87.6,4,5,2015,0.42,1,0,222400.0
4,107.2,5,4,1991,0.76,2,1,215700.0
5,47.9,2,3,1982,0.1,1,0,51700.0
2,106.4,4,3,1990,2.22,2,0,195300.0
3,58.7,1,5,1970,0.28,2,1,78600.0
5,66.8,3,3,1988,0.1,2,1,102400.0
3,84.5,2,4,2002,1.59,1,0,141800.0
2,64.9,2,5,1973,2.23,2,0,88400.0
4,97.8,2,4,2011,2.52,1,1,143000.0
1,59.9,4,6,1972,1.02,1,1,122600.0
4,60.3,1,8,1996,0.34,1,0,56700.0
5,96.3,5,9,2021,2.0,1,1,180700.0
6,50.9,1,6,2010,1.8,2,1,60600.0
1,76.2,4,6,2004,0.42,1,1,258900.0
5,30.0,2,3,1997,3.51,1,1,29400.0
2,115.5,3,0,1975,0.17,2,0,214100.0
1,100.2,2,7,1975,5.0,1,1,141300.0
5,138.8,5,3,2024,2.95,2,1,305200.0
2,103.5,3,0,2013,1.75,1,0,173300.0
4,41.8,2,4,1992,4.19,1,1,48200.0
6,86.7,3,7,2002,1.92,2,0,124200.0
2,47.0,1,3,1985,0.32,1,0,58400.0
3,109.5,4,7,1993,0.88,1,1,228100.0
2,42.5,2,7,1974,0.11,1,0,69900.0
2,41.3,5,2,2010,0.74,1,1,149800.0
6,30.0,1,8,2011,2.03,1,1,33300.0
3,57.8,2,2,1982,0.73,1,1,81100.0
5,52.8,1,0,2016,0.6,1,1,63200.0
5,38.5,5,1,1981,1.36,2,1,70000.0
2,119.7,2,5,1974,3.09,1,0,150400.0
3,83.2,5,9,2006,0.1,1,1,213000.0
3,80.3,3,1,2000,0.73,1,1,139800.0
6,109.7,5,5,1997,0.26,2,0,185600.0
4,76.4,3,0,1997,1.78,2,0,90300.0
5,51.3,2,10,1999,0.17,2,0,61200.0
6,30.0,3,0,1987,1.64,2,1,32100.0
1,49.9,2,4,2013,0.51,1,1,138200.0
5,107.6,2,9,1996,0.33,1,1,113200.0
6,38.6,4,10,2004,4.13,1,1,53300.0
5,78.8,2,8,1995,0.1,1,1,79800.0
4,95.8,3,7,2008,0.86,1,1,154000.0
1,77.1,4,2,2018,0.1,1,1,325600.0
4,80.0,4,2,2020,0.99,2,1,190600.0
1,86.4,2,0,1987,1.04,2,1,120500.0
2,79.5,5,2,2002,0.58,1,1,226900.0
6,110.2,5,10,1994,0.21,2,1,194300.0
1,44.0,4,0,2000,0.71,1,1,125400.0
4,76.0,2,7,2006,1.67,1,1,105600.0
5,30.0,5,0,1971,2.29,1,1,51600.0
1,30.0,2,4,2002,1.13,1,1,67500.0
6,68.0,2,8,2008,1.34,1,1,72100.0
1,83.6,4,6,2012,0.34,2,1,295900.0
3,110.8,4,3,2012,0.51,1,1,303800.0
5,130.5,1,10,2001,0.26,1,0,134500.0
6,103.0,5,8,1987,0.43,1,0,128900.0
6,88.2,5,8,1986,0.38,1,1,139200.0
2,74.0,5,1,2003,1.1,2,1,161400.0
4,31.7,3,9,2008,1.24,1,1,47600.0
2,66.3,2,9,1976,4.35,2,1,81000.0
6,102.3,4,10,2011,0.33,2,1,177000.0
5,92.5,5,5,2023,1.54,1,0,213100.0
1,37.8,1,3,2022,2.55,1,0,88600.0
1,85.4,5,7,2004,1.23,2,1,268200.0
5,83.2,2,10,1999,0.44,2,0,93100.0
6,78.7,2,6,1981,0.46,1,1,69500.0
1,69.3,4,6,2004,0.1,2,1,259100.0
1,86.6,3,10,1980,0.55,2,1,183200.0
1,87.4,4,9,2013,2.05,1,1,222200.0
4,54.0,5,8,1973,0.1,1,1,90800.0
4,81.4,1,4,1994,0.37,2,0,98600.0
3,65.3,4,5,2017,1.84,2,1,163700.0
2,32.8,3,0,2001,2.29,1,1,60400.0
5,56.0,4,5,1989,0.91,1,0,67900.0
5,30.9,2,1,2019,1.8,1,0,38400.0
5,94.5,5,5,2000,0.74,1,0,193500.0
3,78.9,5,8,1973,0.26,2,0,173600.0
4,61.1,5,7,2023,0.76,1,1,171400.0
6,105.5,5,8,2007,1.3,1,1,150300.0
6,71.7,5,9,2022,4.44,1,1,164500.0
3,34.2,5,7,2016,0.11,1,1,124900.0
6,59.0,1,2,1970,1.06,1,1,45100.0
5,110.8,3,7,1972,0.6,1,1,136000.0
2,53.3,5,5,2006,1.06,1,1,152600.0
1,76.9,3,5,1991,0.1,1,1,205200.0
4,88.6,5,5,1986,0.56,1,1,160500.0
4,84.7,4,2,1983,2.57,1,1,110800.0
3,131.2,5,9,2010,1.21,2,1,307900.0
4,40.6,2,0,2004,0.9,1,0,44100.0
5,43.1,1,3,1982,0.5,1,1,48500.0
6,41.0,4,9,2004,0.53,2,1,69000.0
5,62.6,4,5,2012,0.72,1,0,105500.0
3,97.5,2,10,1971,2.71,2,1,96200.0
5,44.2,5,9,2016,5.0,1,1,74700.0
6,97.8,1,1,1982,0.87,1,0,69700.0
2,70.9,4,6,2020,0.75,2,1,235900.0
3,42.3,1,6,2023,2.81,2,0,79300.0
2,30.0,4,10,1985,0.84,1,1,63700.0
1,31.8,5,3,1987,1.2,1,0,85300.0
2,53.4,4,3,1976,0.39,1,1,116800.0
1,65.8,4,0,2014,2.04,2,0,172500.0
1,103.7,3,1,2005,1.14,2,0,199000.0
2,90.0,5,8,2010,2.48,1,0,241000.0
3,49.0,2,9,1999,2.28,1,1,49300.0
6,80.2,2,7,2011,0.36,1,1,129100.0
5,111.3,5,7,2010,1.89,1,1,217800.0
5,116.8,2,8,1976,2.41,1,1,85900.0
6,62.1,5,6,1984,0.64,1,1,87900.0
1,94.0,2,8,2009,0.28,1,0,205900.0
1,104.7,3,9,1988,0.1,2,1,248200.0
3,32.3,2,1,2012,0.9,2,0,63000.0
4,57.2,4,5,2006,0.65,1,1,98800.0
2,125.5,5,2,1971,1.21,1,1,296000.0
1,62.5,1,10,2011,0.31,2,1,154800.0
5,30.0,1,5,2017,2.95,1,0,34100.0
3,67.0,5,2,2024,0.45,2,1,254800.0
2,98.1,3,7,1982,0.39,1,0,166500.0
3,70.2,2,10,2009,0.98,1,0,119300.0
2,87.9,3,3,2010,1.04,1,0,190200.0
2,93.5,1,9,2012,0.36,1,1,177400.0
6,61.1,5,5,2012,0.48,2,1,137500.0
1,57.0,5,8,2024,0.28,1,1,237700.0
3,73.8,3,1,2000,1.9,1,0,139600.0
3,74.4,3,1,1985,2.21,1,1,76500.0
6,71.4,2,6,2011,0.93,2,1,99700.0
5,72.4,4,1,2013,1.88,1,0,103300.0
5,51.3,4,1,1975,2.0,1,0,59000.0
1,88.8,2,3,1997,0.22,1,1,209200.0
1,85.0,4,8,2001,5.0,1,1,170000.0
4,36.6,1,7,2013,2.58,1,1,48200.0
6,60.3,4,1,1979,0.34,2,1,79100.0
5,72.3,2,7,2019,0.31,1,0,127300.0
2,56.6,4,3,1987,0.2,1,0,142300.0
3,85.9,5,1,1973,0.22,2,1,171500.0
1,68.3,3,10,1978,2.07,1,1,103700.0
3,74.2,1,9,1976,0.95,1,1,75900.0
3,60.0,5,6,2019,2.29,1,1,169500.0
4,30.0,5,5,1977,2.06,1,1,55900.0
5,30.0,2,9,2012,1.39,2,0,41100.0
1,84.7,3,4,1976,1.74,1,1,151500.0
3,76.7,3,10,2010,0.1,1,1,166300.0
1,81.0,1,0,2009,0.56,2,0,171200.0
2,73.4,2,1,1972,1.52,1,1,97200.0
4,75.4,1,7,1986,0.1,1,0,84200.0
2,94.2,4,0,1971,0.1,1,0,187700.0
1,81.1,5,2,1984,2.86,1,1,184700.0
1,96.0,1,1,2015,1.73,2,1,196300.0
5,74.3,5,4,1998,0.46,2,0,135700.0
3,62.5,2,3,2019,1.75,1,1,131800.0
3,74.9,4,6,2017,2.36,1,1,131500.0
2,49.1,2,4,2021,0.55,1,1,126600.0
4,60.5,4,7,1991,0.1,1,1,127900.0
6,74.4,4,3,1973,4.05,1,0,65400.0
3,74.1,5,5,2021,0.64,1,0,229700.0
5,67.3,2,3,1975,0.17,2,0,74300.0
2,35.3,2,1,2007,1.02,2,0,61800.0
2,85.9,1,0,1995,2.19,1,0,102600.0
6,90.9,2,0,1980,0.38,1,0,73200.0
5,111.1,1,7,1995,0.47,1,1,98200.0
4,81.0,3,3,1986,0.42,2,1,105200.0
5,70.0,3,4,1993,5.0,2,1,85200.0
4,44.7,3,10,1997,0.33,2,0,69600.0
5,107.3,2,7,2004,1.29,1,1,145200.0
5,76.2,2,6,2000,3.89,2,0,89900.0
1,74.8,1,7,1982,0.24,1,1,123500.0
2,63.6,4,7,2023,5.0,1,0,200000.0
5,62.1,1,5,2004,4.42,1,1,57000.0
6,87.2,3,9,1985,3.24,1,1,65200.0
5,44.5,1,1,1984,0.36,1,1,37400.0
3,110.6,4,5,2012,1.51,1,0,197600.0
2,105.2,2,0,1987,2.15,1,1,127900.0
3,61.1,1,0,2016,5.0,1,1,78000.0
2,48.4,3,10,2006,0.3,1,0,102000.0
3,30.0,3,2,2017,2.18,1,1,62200.0
5,38.7,2,2,2017,0.62,1,1,63800.0
5,88.2,1,10,2018,0.29,1,1,118700.0
1,77.9,4,4,2010,0.82,1,1,225200.0
6,82.3,2,0,1996,2.37,2,1,67800.0
3,30.0,1,9,2024,0.94,1,1,53300.0
4,60.1,5,5,2004,1.16,1,1,127000.0
1,104.2,3,6,2021,5.0,1,1,252000.0
3,67.6,4,9,2014,0.76,2,1,173800.0
3,38.2,4,10,2023,1.43,2,1,101100.0
1,67.2,4,2,2004,0.68,1,1,209700.0
5,50.7,3,3,1997,0.75,1,0,70500.0
3,78.3,1,9,2008,1.78,2,1,108700.0
5,70.5,2,10,2007,4.17,2,0,64800.0
1,83.6,1,9,1978,1.17,2,0,110300.0
5,39.6,2,9,1981,2.19,2,0,35100.0
2,58.8,4,9,1984,0.14,2,1,114600.0
4,97.3,1,9,1990,0.36,1,0,114000.0
3,36.1,4,2,2021,1.05,1,1,108400.0
6,44.9,5,0,2004,0.1,1,1,87300.0
4,75.0,4,7,2011,0.44,2,0,173700.0
5,77.2,4,9,2002,1.09,1,0,119600.0
3,57.8,2,9,2020,0.1,2,1,119400.0
5,63.0,5,1,1988,0.46,1,1,105600.0
2,83.3,4,0,2024,1.08,1,1,232000.0
1,91.2,4,7,1992,1.28,2,1,195900.0
3,43.3,5,6,1982,3.9,1,1,77900.0
2,79.1,5,6,2013,1.55,1,1,220500.0
2,107.8,1,3,1970,0.8,1,1,154200.0
3,67.1,2,10,2020,4.0,1,1,90500.0
5,43.0,5,8,1998,2.3,1,1,69500.0
6,41.8,5,5,1993,0.33,1,0,87800.0
2,66.0,3,1,1985,0.21,1,1,121000.0
4,95.9,5,0,1994,1.69,2,1,146300.0
2,69.0,2,0,2024,1.23,2,1,136700.0
6,74.7,4,8,1992,2.34,1,0,78700.0
5,45.1,4,3,1997,2.01,2,1,73100.0
5,94.6,4,4,2016,1.47,1,0,174800.0
4,41.4,4,2,1985,5.0,1,0,48700.0
2,57.4,3,3,2012,1.14,1,0,121200.0
5,85.7,5,7,2007,0.18,2,1,204200.0
6,30.0,4,3,1980,2.64,2,0,41300.0
3,74.3,1,8,1972,0.44,1,1,93500.0
1,44.0,4,8,1984,2.25,1,0,80100.0
1,70.4,5,5,1970,4.72,1,1,167700.0
1,61.2,4,1,1976,1.79,1,0,108000.0
2,122.6,3,9,1970,1.36,1,0,146600.0
4,60.2,2,10,2018,0.93,1,1,87500.0
5,116.1,2,6,2001,0.68,2,1,166700.0
3,84.7,5,8,1978,0.65,1,0,168600.0
6,50.0,2,5,1998,1.52,2,0,48000.0
3,78.3,2,2,1995,2.09,2,0,97400.0
6,62.4,1,6,1992,1.7,1,1,49300.0
2,76.1,5,4,2014,0.33,2,1,238400.0
1,52.2,5,0,2012,1.02,2,1,183100.0
2,112.3,2,2,1998,2.35,1,0,166600.0
4,93.1,2,4,2021,0.97,1,1,166400.0
4,70.8,2,6,2007,1.15,2,0,86400.0
6,113.2,3,2,2002,2.21,1,0,150100.0
5,71.9,4,5,1976,1.62,1,1,85800.0
5,97.4,3,4,1981,0.79,1,1,114500.0
6,71.0,5,0,2000,3.39,2,0,96300.0
4,79.8,1,9,2001,0.27,2,1,111300.0
4,68.0,4,5,2023,5.0,2,1,143600.0
4,72.4,1,7,1989,0.19,1,1,81200.0
2,74.3,5,0,2024,0.1,1,1,291100.0
4,53.3,5,1,2020,3.31,1,1,127500.0
3,60.0,1,3,1986,0.42,2,1,70900.0
1,64.6,1,1,2005,1.96,1,1,116200.0
4,75.7,1,10,1972,2.5,1,1,58300.0
6,69.2,5,8,1970,2.94,1,0,83400.0
1,99.3,2,9,2019,5.0,1,1,193200.0
2,91.2,1,7,1996,0.52,2,0,133100.0
6,65.1,4,7,2022,1.86,2,0,116600.0
1,104.5,5,3,2016,0.18,2,1,378100.0
6,116.8,3,4,2009,0.78,1,0,169500.0
2,30.0,3,3,2002,2.83,2,1,71700.0
3,93.3,4,8,1989,0.69,2,1,154500.0
2,52.7,2,1,1983,1.34,1,1,68700.0
2,90.0,1,10,2005,1.05,2,0,113500.0
6,101.0,5,7,1974,1.56,1,0,119800.0
5,48.1,1,1,1992,5.0,2,1,42300.0
4,30.0,5,0,2014,0.1,2,1,91000.0
4,90.9,3,9,1984,1.28,2,0,96200.0
3,73.4,1,2,1975,2.98,1,0,71300.0
3,30.0,4,8,2002,0.98,1,1,66900.0
4,133.2,2,2,2024,0.12,1,0,293800.0
5,85.6,4,8,1988,1.23,1,1,92000.0
4,86.8,2,6,1982,0.61,2,1,104400.0
5,104.1,1,9,1998,0.25,2,1,109700.0
3,55.5,1,0,1975,2.84,2,1,46300.0
1,73.3,2,9,1984,1.11,1,0,95400.0
6,37.0,3,4,1985,4.06,2,1,37900.0
3,54.8,5,8,1993,2.46,2,1,117500.0
3,79.6,4,2,1992,1.77,2,1,151300.0
2,30.0,4,8,2017,0.1,1,1,101600.0
2,54.1,4,4,1979,0.84,1,1,100000.0
2,46.8,1,8,2023,0.33,1,0,109600.0
6,73.6,4,9,2010,3.63,1,1,91200.0
2,84.4,5,5,2010,0.29,1,1,307900.0
5,88.6,5,8,2018,0.51,2,1,237900.0
4,95.0,2,6,1986,1.09,1,1,97500.0
1,104.3,1,6,2018,0.46,1,1,233500.0
3,85.2,5,7,2013,0.35,1,1,214500.0
5,117.2,3,6,2014,1.37,2,1,178400.0
1,73.0,1,8,1999,0.14,2,0,122600.0
5,65.7,1,10,2013,0.1,2,1,98000.0
5,85.2,5,8,2015,0.7,1,1,174700.0
3,64.6,3,5,1979,1.91,1,1,86000.0
4,116.3,2,6,2024,1.21,2,1,195300.0
2,98.3,5,1,1988,0.82,1,1,233100.0
6,88.8,3,8,1998,1.25,1,1,110500.0
4,73.3,1,0,1971,0.68,1,1,60800.0
6,59.8,3,0,2005,4.13,1,0,57400.0
3,87.5,1,2,1988,0.1,2,0,116000.0
3,41.8,5,5,1976,1.68,1,1,82300.0
3,108.4,5,4,1995,3.33,1,1,196400.0
1,65.6,4,1,1984,2.44,1,0,107100.0
6,77.6,4,8,2016,0.31,1,0,119700.0
4,47.3,4,9,2007,0.53,1,1,96400.0
4,88.1,5,3,1972,1.89,2,1,143800.0
5,58.7,2,3,2007,0.13,1,1,71000.0
5,86.2,5,4,1985,2.51,1,0,121600.0
5,88.9,3,7,1971,1.9,1,1,90600.0
3,53.8,5,9,2000,1.96,1,1,137800.0
4,41.9,5,3,1997,0.16,1,1,107700.0
6,108.3,1,4,1976,1.9,1,1,72700.0
3,65.2,1,3,1999,1.71,2,0,68600.0
1,75.6,1,5,2012,2.67,2,1,140400.0
5,82.1,5,2,1976,0.1,1,0,137800.0
3,38.7,2,7,2005,0.1,1,0,75800.0
3,81.6,3,5,1998,0.7,2,1,136300.0
1,72.5,3,9,1993,0.24,2,1,187800.0
2,53.9,2,4,2021,1.23,1,1,109600.0
4,41.1,2,1,2008,3.74,2,1,53500.0
6,85.1,3,9,1973,0.75,2,1,89500.0
2,98.2,4,9,1998,2.8,2,1,149000.0
5,74.5,1,6,2013,0.1,1,0,116700.0
3,34.1,1,1,1974,0.28,1,1,41600.0
1,43.6,3,0,2024,0.1,1,0,149200.0
1,59.2,2,6,1998,0.6,2,1,118300.0
4,109.1,4,4,1999,3.58,1,0,159500.0
2,63.8,3,0,1998,0.15,1,1,111400.0
4,58.3,1,3,1995,1.4,2,1,73500.0
3,30.0,5,3,1988,0.9,2,1,80700.0
4,53.6,2,9,1995,4.18,2,1,49700.0
6,39.2,5,6,2006,0.2,2,1,112400.0
1,44.9,3,8,1996,0.36,2,1,105900.0
1,73.0,1,1,1999,0.1,1,1,143300.0
5,60.0,4,0,2020,0.85,2,1,103100.0
5,112.5,5,1,2022,0.49,2,0,337200.0
3,97.0,4,6,1999,3.06,1,0,139400.0
6,54.8,1,9,1972,1.39,1,0,38700.0
2,47.1,5,5,2012,1.43,2,0,141300.0
4,104.6,4,3,1976,1.14,1,1,137000.0
3,111.5,4,0,2018,0.14,2,0,308600.0
5,30.0,5,0,1978,0.88,1,0,54300.0
4,72.3,1,4,2022,5.0,1,0,87300.0
5,63.7,4,0,2010,2.7,1,1,103600.0
4,86.2,3,6,2011,3.36,1,1,144400.0
2,118.6,5,10,1982,2.6,2,1,195900.0
3,57.9,2,0,1984,0.16,1,1,80100.0
4,30.0,2,0,2023,0.39,1,0,45700.0
6,84.5,1,1,1974,0.1,1,1,68000.0
1,104.7,3,10,1998,0.54,1,1,232100.0
6,62.4,4,9,2004,0.17,1,0,97200.0
6,52.4,2,2,1996,0.96,2,1,62700.0
1,59.1,1,10,1996,1.7,1,1,90700.0
6,91.3,3,0,1977,3.11,1,1,69600.0
4,58.6,3,8,2001,2.07,1,1,83000.0
4,78.2,1,9,1989,4.19,1,0,51100.0
4,70.7,1,7,1979,0.1,1,0,76200.0
1,68.1,4,4,1982,0.1,1,0,191700.0
6,87.5,1,10,1998,1.62,2,0,76500.0
1,58.0,4,1,2004,0.51,2,0,187500.0
4,59.2,4,4,2023,0.44,2,1,154400.0
6,89.9,5,5,1977,0.6,1,0,130500.0
6,45.3,3,0,1998,0.47,1,1,49000.0
5,48.0,3,10,2000,1.07,1,1,56600.0
5,38.5,3,3,2010,0.87,2,1,71900.0
2,91.2,5,8,1999,1.08,2,1,193200.0
3,67.4,4,1,1991,1.68,1,1,122000.0
5,37.2,4,4,1990,0.73,1,1,67900.0
1,91.3,1,0,1981,0.43,2,1,112100.0
5,56.1,5,3,1980,0.27,2,1,104000.0
2,48.2,1,3,1971,0.64,2,1,62300.0
6,65.1,5,5,2019,2.03,2,0,127500.0
2,107.0,1,9,2010,2.12,2,1,172600.0
6,60.1,2,8,1971,1.65,1,1,45200.0
6,84.4,3,2,2003,0.4,2,1,124600.0
3,88.2,3,8,1972,1.33,2,0,118900.0
5,81.1,4,5,1985,1.27,2,1,85200.0
1,101.8,2,6,2020,0.99,1,1,299900.0
1,52.3,3,9,1973,1.2,1,0,80700.0
4,43.9,4,1,1992,1.02,1,1,69500.0
6,43.4,2,10,2019,1.25,1,1,52000.0
1,66.4,3,9,1989,1.89,2,1,127800.0
3,46.3,1,5,1994,0.17,1,1,61400.0
6,73.7,5,5,1999,2.08,1,1,108300.0
3,71.9,2,1,1987,0.22,2,1,102500.0
1,95.5,4,1,2011,0.1,1,0,284300.0
1,77.3,2,1,1980,5.0,1,1,87300.0
4,59.6,4,9,1998,4.72,1,1,75700.0
1,80.3,2,0,1986,0.1,1,1,123600.0
6,44.2,4,4,1995,0.88,1,1,64300.0
6,69.0,3,7,1992,0.31,2,0,87200.0
6,78.0,1,1,2021,1.0,1,1,99000.0
4,73.2,3,4,2017,2.66,2,1,130400.0
4,80.4,1,7,1989,4.51,1,0,63100.0
1,53.9,3,9,2014,1.51,1,0,118500.0
2,98.8,3,4,1971,0.66,1,0,147300.0
2,115.6,2,1,1993,1.39,1,1,194300.0
4,30.0,5,2,2000,0.56,1,0,78100.0
1,39.6,4,5,1996,3.61,1,0,74300.0
2,71.1,4,10,1971,3.06,1,1,95300.0
1,63.6,4,10,1983,1.23,1,1,134100.0
1,117.4,1,4,1973,0.59,1,0,184400.0
1,75.5,4,10,2018,0.52,1,0,254600.0
5,104.8,4,3,1982,0.1,2,0,157500.0
6,30.0,2,3,2005,2.54,2,0,38600.0
1,90.4,3,4,2004,0.9,1,0,230600.0
5,52.1,4,1,2013,0.59,1,1,121900.0
4,51.7,5,8,2023,0.96,2,0,148300.0
2,63.8,4,1,2024,2.56,1,1,189400.0
6,34.4,1,9,1977,0.2,2,1,37300.0
2,81.1,1,1,1971,2.92,1,1,84300.0
6,74.8,1,9,1975,3.42,2,1,49900.0
2,76.7,4,8,2000,4.4,1,1,147900.0
6,92.2,2,2,2023,0.76,2,1,158400.0
2,107.9,5,9,1979,0.37,1,1,221200.0
2,60.9,4,6,2013,0.7,2,0,178700.0
2,81.9,2,3,1990,0.61,1,0,153200.0
2,77.3,2,5,2011,0.29,1,1,218700.0
4,79.4,4,3,1979,1.4,2,1,125100.0
1,79.8,4,9,1992,0.97,1,1,216600.0
3,109.8,2,6,1972,3.01,2,1,112200.0
5,58.5,2,0,2001,0.1,1,1,80100.0
3,31.9,2,2,1989,1.55,2,1,48600.0
3,52.6,4,2,1979,2.16,1,1,75200.0
6,88.9,2,0,1998,2.14,2,1,71000.0
1,70.6,1,5,2010,3.26,2,1,159000.0
6,58.3,4,10,2021,1.96,1,1,91700.0
1,43.1,1,8,2020,3.94,2,0,70500.0
1,75.5,3,7,2015,0.61,2,1,242100.0
2,86.1,4,10,2003,1.05,1,0,205300.0
4,77.6,3,6,2006,0.1,1,0,146700.0
2,63.7,2,9,1989,0.1,1,1,95600.0
4,73.7,2,7,1977,0.41,2,0,82800.0
6,73.5,5,5,1976,0.16,1,1,123200.0
4,74.7,2,8,1975,0.45,1,0,85000.0
6,40.4,3,2,1980,0.29,1,1,51900.0
3,74.9,2,9,2013,0.1,1,0,163100.0
3,59.0,4,9,1987,3.6,2,1,73600.0
4,96.0,2,8,2020,0.1,2,0,175400.0
4,73.3,5,3,2011,2.0,1,1,171500.0
6,90.9,2,6,1998,0.25,1,1,96200.0
2,62.5,3,8,1994,3.65,2,1,91600.0
6,63.4,3,1,1990,3.35,1,0,61600.0
2,107.4,2,1,2015,1.59,1,0,205600.0
3,80.9,3,8,1972,1.67,1,0,110900.0
1,52.1,3,2,1987,0.1,1,1,122100.0
4,92.4,5,8,1993,5.0,1,1,145900.0
2,56.7,4,4,2016,3.15,2,1,151700.0
6,75.6,5,5,2007,3.38,1,0,139300.0
3,115.9,1,1,1979,1.61,2,1,137200.0
2,34.2,5,7,1996,0.63,1,1,102900.0
6,65.6,2,10,1981,3.36,1,0,40300.0
4,80.2,4,8,1976,0.52,2,1,113900.0
4,89.1,2,1,1986,1.24,1,1,84800.0
5,39.0,1,5,1970,0.16,1,0,38200.0
1,31.6,4,5,2019,3.83,1,0,97100.0
5,97.3,3,7,1995,0.23,1,0,142000.0
3,52.0,5,9,1984,0.38,2,1,109600.0
2,50.9,2,4,2020,1.23,1,0,107700.0
